sessionId,machineId,time,seq,kbSent,kbReceived,connectionCount,distinctDestinationCount,cpuPercent,ramPercent,processCount,focusLostCount
network_02,LOCAL,1791435785836,1,0.21,0.22,7,2,0.89,3.95,79,0
network_02,LOCAL,1791435795833,2,0.51,0.33,7,2,0.82,3.97,79,0
network_02,LOCAL,1791435805826,3,0.19,0.2,7,2,0.48,3.97,79,0
network_02,LOCAL,1791435815829,4,0.43,0.29,7,2,0.5,3.98,79,0
network_02,LOCAL,1791435825825,5,0.35,0.29,7,2,0.53,3.98,79,0
network_02,LOCAL,1791435835826,6,0.35,0.28,7,2,0.45,3.99,79,0
network_02,LOCAL,1791435845825,7,0.21,0.21,7,2,0.4,3.99,79,0
network_02,LOCAL,1791435855824,8,0.5,0.34,7,2,0.3,3.99,79,0
network_02,LOCAL,1791435865824,9,0.19,0.2,7,2,0.38,3.99,79,0
network_02,LOCAL,1791435875824,10,0.44,0.31,7,2,0.5,3.99,79,0
network_02,LOCAL,1791435885824,11,0.35,0.28,7,2,0.53,4.0,79,0
network_02,LOCAL,1791435895824,12,0.34,0.27,7,2,0.35,4.0,79,0
network_02,LOCAL,1791435905824,13,0.21,0.21,7,2,0.65,3.99,79,0
network_02,LOCAL,1791435915826,14,0.51,0.35,7,2,0.55,4.0,79,0
network_02,LOCAL,1791435925827,15,0.19,0.19,7,2,0.33,4.0,79,0
network_02,LOCAL,1791435935823,16,0.44,0.3,7,2,0.35,4.0,79,0
network_02,LOCAL,1791435945823,17,0.35,0.28,7,2,0.35,4.0,79,0
network_02,LOCAL,1791435955824,18,0.34,0.27,7,2,0.43,4.01,79,0
network_02,LOCAL,1791435965824,19,0.21,0.22,7,2,0.38,4.01,79,0
network_02,LOCAL,1791435975830,20,0.5,0.35,7,2,0.48,4.01,79,0
network_02,LOCAL,1791435985831,21,0.19,0.19,7,2,0.38,4.02,79,0
network_02,LOCAL,1791435995838,22,0.44,0.3,7,2,0.55,4.02,79,0
network_02,LOCAL,1791436005837,23,0.36,0.28,7,2,0.5,4.03,79,0
network_02,LOCAL,1791436015830,24,0.34,0.27,7,2,0.45,4.04,79,0
network_02,LOCAL,1791436025829,25,0.2,0.2,7,2,0.35,4.04,79,0
network_02,LOCAL,1791436035827,26,0.5,0.36,7,2,0.55,4.04,79,0
network_02,LOCAL,1791436045835,27,2.23,0.82,8,2,0.65,4.06,79,0
network_02,LOCAL,1791436055829,28,0.93,1.35,9,2,0.9,4.1,79,0
network_02,LOCAL,1791436065825,29,0.77,1.25,9,2,0.82,4.12,79,0
network_02,LOCAL,1791436075823,30,0.78,0.33,9,2,0.5,4.12,79,0
network_02,LOCAL,1791436085823,31,0.2,0.2,9,2,0.38,4.12,79,0
network_02,LOCAL,1791436095824,32,0.5,0.34,9,2,0.45,4.12,79,0
network_02,LOCAL,1791436105824,33,0.2,0.2,9,2,0.43,4.12,79,0
network_02,LOCAL,1791436115823,34,0.45,0.3,9,2,0.3,4.12,79,0
network_02,LOCAL,1791436125826,35,0.35,0.26,9,2,0.45,4.12,79,0
network_02,LOCAL,1791436135828,36,0.34,0.26,9,2,0.35,4.13,79,0
network_02,LOCAL,1791436145825,37,2.52,1037.81,10,3,1.5,4.22,81,0
network_02,LOCAL,1791436155824,38,0.71,45.53,10,3,0.5,4.17,81,0
network_02,LOCAL,1791436165825,39,0.19,0.19,10,3,0.4,4.17,81,0
network_02,LOCAL,1791436175823,40,0.94,180.8,10,3,0.28,4.17,81,0
network_02,LOCAL,1791436185825,41,1.2,316.09,10,3,0.5,4.17,81,0
network_02,LOCAL,1791436195823,42,1.57,1148.32,10,3,0.73,4.23,81,0
network_02,LOCAL,1791436205823,43,0.21,0.21,10,3,0.58,4.26,81,0
network_02,LOCAL,1791436215822,44,0.5,0.35,10,3,0.63,4.26,81,0
network_02,LOCAL,1791436225823,45,0.19,0.2,10,3,0.45,4.26,81,0
network_02,LOCAL,1791436235824,46,0.46,0.31,9,2,0.33,4.22,79,0
network_02,LOCAL,1791436245822,47,0.35,0.21,9,2,0.35,4.22,79,0
network_02,LOCAL,1791436255822,48,0.34,0.34,9,2,0.43,4.23,79,0
network_02,LOCAL,1791436265824,49,0.21,0.21,9,2,0.63,4.2,79,0
network_02,LOCAL,1791436275824,50,0.5,0.28,9,2,0.45,4.2,79,0
network_02,LOCAL,1791436285822,51,0.21,0.28,9,2,0.48,4.2,79,0
network_02,LOCAL,1791436295823,52,0.44,0.3,8,2,0.3,4.2,79,0
network_02,LOCAL,1791436305824,53,0.21,0.21,8,2,0.38,4.2,79,0
network_02,LOCAL,1791436315824,54,0.5,0.34,8,2,0.5,4.2,79,0
network_02,LOCAL,1791436325824,55,0.21,0.21,8,2,0.33,4.2,79,0
network_02,LOCAL,1791436335824,56,0.35,0.28,8,2,0.38,4.2,79,0
network_02,LOCAL,1791436345822,57,0.34,0.26,8,2,0.38,4.2,79,0
network_02,LOCAL,1791436355822,58,7.28,3480.48,11,6,2.72,4.3,87,0
network_02,LOCAL,1791436365823,59,6.52,3766.54,11,6,2.37,4.34,87,0
network_02,LOCAL,1791436375823,60,4.55,2554.62,10,5,1.62,4.41,87,0
network_02,LOCAL,1791436385823,61,6.12,2989.74,11,6,1.73,4.42,87,0
network_02,LOCAL,1791436395826,62,6.97,2927.96,10,5,2.05,4.39,87,0
network_02,LOCAL,1791436405823,63,6.19,3154.08,10,5,2.05,4.39,87,0
network_02,LOCAL,1791436415823,64,6.76,3905.36,10,5,2.22,4.34,87,0
network_02,LOCAL,1791436425825,65,5.78,2378.3,8,4,1.93,4.31,87,0
network_02,LOCAL,1791436435823,66,5.96,3272.74,9,4,1.83,4.33,87,0
network_02,LOCAL,1791436445823,67,0.32,0.56,7,2,0.38,4.25,79,0
network_02,LOCAL,1791436455825,68,0.36,0.27,7,2,0.48,4.25,79,0
network_02,LOCAL,1791436465822,69,0.34,0.28,7,2,0.33,4.25,79,0
network_02,LOCAL,1791436475823,70,0.44,0.29,7,2,0.45,4.25,79,0
network_02,LOCAL,1791436485823,71,0.21,0.21,7,2,0.43,4.25,79,0
network_02,LOCAL,1791436495823,72,0.5,0.36,7,2,0.35,4.25,79,0
network_02,LOCAL,1791436505823,73,0.19,0.19,7,2,0.45,4.25,79,0
network_02,LOCAL,1791436515830,74,0.35,0.26,7,2,0.38,4.25,79,0
network_02,LOCAL,1791436525823,75,0.35,0.29,7,2,0.43,4.25,79,0
network_02,LOCAL,1791436535823,76,0.44,0.31,7,2,0.35,4.25,79,0
network_02,LOCAL,1791436545823,77,0.19,0.19,7,2,0.33,4.25,79,0
network_02,LOCAL,1791436555823,78,0.49,0.35,7,2,0.48,4.26,79,0
