machineId,time,label,scenario,kbSent,kbReceived,connectionCount,distinctDestinationCount,cpuPercent,ramPercent,processCount,focusLostCount
SV001,1700000000000,0,normal,13.76,66.26,10,5,19.17,55.96,113,0
SV002,1700000000000,0,normal,35.69,73.75,9,4,31.7,46.62,103,0
SV003,1700000000000,0,normal,36.33,49.29,11,4,16.9,40.69,152,0
SV004,1700000000000,0,normal,29.86,106.41,13,8,25.09,65.5,139,0
SV005,1700000000000,0,normal,24.69,63.75,9,5,11.32,51.84,103,0
SV006,1700000000000,0,normal,21.9,43.06,6,4,12.56,41.26,123,0
SV007,1700000000000,0,normal,38.99,77.7,11,6,14.04,38.75,117,0
SV008,1700000000000,0,normal,19.31,91.48,7,8,23.84,66.78,133,0
SV009,1700000000000,0,normal,17.66,48.72,8,6,27.87,45.83,160,0
SV010,1700000000000,0,normal,10.78,89.84,14,7,15.01,40.68,115,0
SV001,1700000010000,0,normal,14.05,70.09,11,6,24.28,52.54,129,0
SV002,1700000010000,0,normal,43.61,83.32,10,4,29.19,34.42,112,1
SV003,1700000010000,0,normal,25.0,43.95,10,3,20.06,51.44,142,0
SV004,1700000010000,0,normal,30.16,99.64,14,7,25.58,64.34,132,0
SV005,1700000010000,0,normal,23.69,64.24,8,6,12.77,48.9,118,0
SV006,1700000010000,0,normal,23.89,56.27,7,5,9.87,44.81,134,0
SV007,1700000010000,0,normal,37.63,84.57,10,7,13.54,38.09,111,0
SV008,1700000010000,0,normal,19.97,93.07,6,8,20.63,54.1,143,0
SV009,1700000010000,0,normal,21.31,44.73,7,6,30.61,45.19,152,0
SV010,1700000010000,0,normal,10.3,76.02,12,7,16.46,40.98,114,0
SV001,1700000020000,0,normal,13.31,56.42,12,5,19.0,48.18,94,0
SV002,1700000020000,0,normal,38.49,90.81,9,4,31.44,37.97,114,1
SV003,1700000020000,0,normal,27.42,49.4,7,4,21.9,54.82,164,0
SV004,1700000020000,0,normal,35.26,71.1,14,8,25.66,68.18,124,0
SV005,1700000020000,0,normal,22.81,55.87,8,5,11.55,54.87,137,0
SV006,1700000020000,0,normal,26.12,65.91,7,5,9.7,44.06,184,0
SV007,1700000020000,0,normal,41.85,91.31,10,8,13.22,40.76,108,0
SV008,1700000020000,0,normal,18.24,91.77,7,9,20.21,60.23,116,0
SV009,1700000020000,0,normal,18.74,48.5,7,5,31.99,39.63,130,0
SV010,1700000020000,0,normal,10.79,58.1,14,7,15.28,42.85,137,0
SV001,1700000030000,0,normal,11.0,62.61,10,5,19.8,47.14,94,0
SV002,1700000030000,0,normal,33.89,82.35,10,4,32.48,41.2,111,1
SV003,1700000030000,0,normal,25.54,40.05,8,4,23.33,55.24,156,0
SV004,1700000030000,0,normal,32.25,78.58,13,7,23.25,65.09,106,0
SV005,1700000030000,0,normal,22.9,68.15,7,5,12.07,52.07,154,0
SV006,1700000030000,0,normal,23.3,67.43,6,4,9.65,44.46,166,0
SV007,1700000030000,0,normal,33.69,89.21,9,8,13.86,41.73,81,0
SV008,1700000030000,0,normal,20.91,95.2,6,9,21.24,59.28,122,0
SV009,1700000030000,0,normal,20.75,41.43,7,5,27.3,38.61,143,0
SV010,1700000030000,0,normal,10.22,65.4,14,8,12.56,47.38,148,0
SV001,1700000040000,0,normal,13.12,64.12,9,6,23.1,44.18,117,0
SV002,1700000040000,0,normal,38.32,91.98,10,4,32.01,40.75,123,1
SV003,1700000040000,0,normal,26.67,40.58,10,4,19.28,46.8,148,0
SV004,1700000040000,0,normal,35.18,85.53,13,7,22.51,59.07,120,0
SV005,1700000040000,0,normal,24.01,62.12,7,5,12.1,62.42,142,0
SV006,1700000040000,0,normal,29.52,67.34,6,4,10.1,39.19,154,0
SV007,1700000040000,0,normal,34.93,84.04,9,8,12.81,40.08,89,0
SV008,1700000040000,0,normal,22.35,101.23,5,9,19.87,67.11,126,0
SV009,1700000040000,0,normal,23.09,39.73,9,5,23.15,46.7,133,0
SV010,1700000040000,0,normal,10.81,82.47,13,6,14.13,48.75,125,0
SV001,1700000050000,0,normal,10.51,73.47,9,5,25.79,54.46,123,0
SV002,1700000050000,0,normal,38.26,81.2,10,4,28.61,41.11,109,1
SV003,1700000050000,0,normal,31.2,40.26,8,3,20.05,39.78,121,0
SV004,1700000050000,0,normal,35.55,87.0,12,6,21.22,65.33,124,0
SV005,1700000050000,0,normal,19.54,68.66,7,5,11.59,60.89,147,0
SV006,1700000050000,0,normal,26.22,71.84,5,6,12.31,49.45,148,0
SV007,1700000050000,0,normal,36.2,95.95,9,8,14.07,44.31,101,0
SV008,1700000050000,0,normal,20.29,99.07,6,9,24.65,64.13,103,0
SV009,1700000050000,0,normal,24.1,39.47,10,5,27.87,40.34,133,0
SV010,1700000050000,0,normal,10.88,87.92,13,6,15.67,45.7,113,0
SV001,1700000060000,0,normal,9.0,73.51,9,5,24.19,51.74,115,0
SV002,1700000060000,0,normal,31.19,76.47,9,4,27.2,46.53,111,1
SV003,1700000060000,0,normal,35.58,39.59,8,4,20.9,43.12,134,0
SV004,1700000060000,0,normal,34.08,88.31,12,7,20.64,58.39,143,0
SV005,1700000060000,0,normal,18.47,70.87,7,5,11.71,63.97,155,0
SV006,1700000060000,0,normal,31.11,63.2,5,6,12.69,44.32,139,0
SV007,1700000060000,0,normal,35.54,77.34,10,9,10.81,44.51,105,0
SV008,1700000060000,0,normal,20.32,108.28,7,10,20.05,51.3,111,0
SV009,1700000060000,0,normal,18.76,37.26,10,4,23.99,41.78,137,0
SV010,1700000060000,0,normal,10.43,81.95,13,7,16.2,37.85,127,0
SV001,1700000070000,0,normal,10.47,69.96,10,4,26.64,53.96,121,0
SV002,1700000070000,0,normal,33.38,81.39,10,3,29.78,50.56,114,1
SV003,1700000070000,0,normal,35.8,32.82,7,4,19.81,46.84,124,0
SV004,1700000070000,0,normal,32.34,91.02,13,8,20.09,48.03,121,0
SV005,1700000070000,0,normal,18.79,77.17,6,5,12.24,55.22,142,0
SV006,1700000070000,0,normal,28.86,60.12,6,6,11.38,52.14,139,0
SV007,1700000070000,0,normal,34.79,74.92,10,7,10.65,43.93,100,0
SV008,1700000070000,0,normal,18.33,91.1,7,10,21.73,66.21,94,0
SV009,1700000070000,0,normal,18.85,39.93,10,6,26.18,36.97,139,0
SV010,1700000070000,0,normal,11.33,81.47,12,9,16.44,39.38,125,0
SV001,1700000080000,0,normal,12.55,63.84,10,4,23.04,43.92,98,0
SV002,1700000080000,0,normal,32.76,87.69,9,3,27.66,54.37,128,1
SV003,1700000080000,0,normal,40.06,36.17,9,4,22.42,50.28,120,0
SV004,1700000080000,0,normal,28.64,96.38,13,8,25.93,54.8,111,0
SV005,1700000080000,0,normal,19.25,82.69,7,5,9.53,64.78,145,0
SV006,1700000080000,0,normal,30.04,60.47,6,6,12.92,52.48,137,0
SV007,1700000080000,0,normal,34.01,72.51,11,6,11.69,44.5,102,0
SV008,1700000080000,0,normal,17.66,92.65,7,8,22.13,62.25,105,0
SV009,1700000080000,0,normal,18.92,48.35,11,5,27.01,42.91,139,0
SV010,1700000080000,0,normal,11.49,77.92,11,6,14.62,49.52,120,0
SV001,1700000090000,0,normal,11.89,68.7,9,5,21.75,50.08,85,0
SV002,1700000090000,0,normal,28.33,81.76,11,4,26.1,48.73,115,1
SV003,1700000090000,0,normal,38.37,42.71,9,5,20.92,49.27,142,0
SV004,1700000090000,0,normal,31.26,90.71,13,9,28.93,57.13,105,0
SV005,1700000090000,0,normal,16.36,85.36,7,5,9.55,62.02,138,0
SV006,1700000090000,0,normal,28.65,65.37,7,7,12.65,47.94,137,0
SV007,1700000090000,0,normal,33.98,76.31,14,6,11.75,40.14,110,0
SV008,1700000090000,0,normal,21.99,95.09,5,8,23.67,60.54,113,0
SV009,1700000090000,0,normal,22.05,51.63,11,5,24.52,45.77,151,0
SV010,1700000090000,0,normal,11.72,76.63,12,6,14.72,45.7,133,0
SV001,1700000100000,0,normal,13.13,66.23,9,6,23.44,60.98,101,0
SV002,1700000100000,0,normal,34.71,71.74,12,5,25.96,44.22,109,1
SV003,1700000100000,0,normal,37.98,44.34,9,4,19.99,50.67,131,0
SV004,1700000100000,0,normal,31.88,89.66,11,7,27.95,54.3,127,0
SV005,1700000100000,0,normal,24.07,61.82,6,5,11.7,62.67,147,0
SV006,1700000100000,0,normal,29.89,60.48,7,6,12.34,44.42,113,0
SV007,1700000100000,0,normal,33.8,97.02,14,7,11.34,40.35,103,0
SV008,1700000100000,0,normal,22.83,96.15,6,7,21.29,61.63,109,0
SV009,1700000100000,0,normal,20.7,53.81,11,5,24.7,46.18,118,0
SV010,1700000100000,0,normal,10.97,85.92,13,6,12.51,44.43,122,0
SV001,1700000110000,0,normal,11.71,72.08,9,5,24.53,62.09,102,0
SV002,1700000110000,0,normal,34.07,85.13,11,4,23.64,44.03,108,1
SV003,1700000110000,0,normal,38.66,49.29,8,3,19.41,47.11,119,0
SV004,1700000110000,0,normal,30.0,106.25,13,6,30.67,49.02,126,0
SV005,1700000110000,0,normal,23.24,62.36,6,5,12.61,59.41,138,0
SV006,1700000110000,0,normal,34.65,53.28,6,6,10.03,42.66,111,0
SV007,1700000110000,0,normal,36.01,85.41,14,7,12.17,37.78,91,0
SV008,1700000110000,0,normal,21.98,82.68,6,6,19.3,62.67,104,0
SV009,1700000110000,0,normal,21.61,60.65,9,5,25.72,40.11,133,0
SV010,1700000110000,0,normal,10.62,88.93,9,6,11.53,38.72,139,0
SV001,1700000120000,0,normal,9.69,79.26,9,5,26.87,64.97,106,0
SV002,1700000120000,0,normal,38.36,82.77,10,4,24.84,44.77,119,1
SV003,1700000120000,0,normal,36.82,47.79,8,4,20.76,44.48,133,0
SV004,1700000120000,0,normal,29.78,117.48,11,8,27.51,52.01,118,0
SV005,1700000120000,0,normal,22.47,67.95,7,5,13.73,49.26,124,0
SV006,1700000120000,0,normal,29.77,53.11,6,6,10.67,42.7,126,0
SV007,1700000120000,0,normal,37.0,86.98,12,7,10.34,43.71,77,0
SV008,1700000120000,0,normal,18.38,78.93,6,9,18.42,57.11,102,0
SV009,1700000120000,0,normal,20.66,51.56,9,5,31.12,36.45,151,0
SV010,1700000120000,0,normal,11.39,67.65,11,7,11.81,41.58,146,0
SV001,1700000130000,0,normal,8.04,80.49,8,6,26.61,60.87,130,0
SV002,1700000130000,0,normal,37.81,71.75,9,4,26.61,41.45,117,1
SV003,1700000130000,0,normal,34.96,45.24,9,4,17.64,47.52,135,0
SV004,1700000130000,0,normal,30.2,126.37,13,7,26.28,52.39,125,0
SV005,1700000130000,0,normal,19.99,63.17,6,5,12.98,52.9,118,0
SV006,1700000130000,0,normal,24.09,48.19,7,5,10.36,43.54,116,0
SV007,1700000130000,0,normal,33.5,78.28,10,8,9.66,44.18,90,0
SV008,1700000130000,0,normal,18.43,82.87,7,8,17.01,60.42,108,0
SV009,1700000130000,0,normal,15.37,49.88,8,4,36.42,33.76,146,0
SV010,1700000130000,0,normal,10.71,65.38,11,6,12.21,45.61,138,0
SV001,1700000140000,0,normal,10.9,77.92,8,6,26.14,62.83,129,0
SV002,1700000140000,0,normal,35.62,70.66,9,4,29.16,48.89,113,1
SV003,1700000140000,0,normal,36.65,39.64,8,4,18.48,47.15,154,0
SV004,1700000140000,0,normal,33.55,99.68,13,6,28.14,57.53,135,0
SV005,1700000140000,0,normal,24.2,57.39,7,5,13.75,57.34,119,0
SV006,1700000140000,0,normal,26.46,45.63,6,4,11.97,45.6,114,0
SV007,1700000140000,0,normal,37.51,84.42,8,9,12.12,44.73,95,0
SV008,1700000140000,0,normal,19.86,89.81,7,8,20.44,65.07,112,0
SV009,1700000140000,0,normal,17.36,50.6,9,4,30.77,38.24,155,0
SV010,1700000140000,0,normal,11.63,76.26,13,6,12.88,48.77,127,0
SV001,1700000150000,0,normal,12.04,67.13,9,5,21.82,68.39,153,0
SV002,1700000150000,0,normal,35.2,77.2,11,4,30.66,48.86,99,1
SV003,1700000150000,0,normal,34.9,47.0,9,4,17.87,41.8,139,0
SV004,1700000150000,0,normal,32.34,96.47,13,7,28.41,55.62,101,0
SV005,1700000150000,0,normal,23.29,58.73,6,5,12.59,59.22,132,0
SV006,1700000150000,0,normal,26.28,51.06,7,4,13.41,43.76,110,0
SV007,1700000150000,0,normal,34.7,84.82,11,8,13.84,41.88,112,0
SV008,1700000150000,0,normal,20.4,96.56,7,7,19.43,72.01,107,0
SV009,1700000150000,0,normal,20.7,47.46,8,4,28.57,39.15,150,0
SV010,1700000150000,0,normal,12.46,87.93,13,6,13.0,45.7,109,0
SV001,1700000160000,0,normal,14.23,61.99,10,5,23.84,60.29,138,0
SV002,1700000160000,0,normal,36.55,79.9,10,3,31.49,55.17,107,1
SV003,1700000160000,0,normal,34.23,48.84,8,4,19.03,47.9,121,0
SV004,1700000160000,0,normal,28.75,92.04,12,8,29.73,61.71,125,0
SV005,1700000160000,0,normal,19.9,65.54,6,4,10.9,57.74,106,0
SV006,1700000160000,0,normal,24.59,41.55,7,5,13.72,48.69,104,0
SV007,1700000160000,0,normal,31.17,83.55,12,7,13.96,40.85,105,0
SV008,1700000160000,0,normal,18.08,89.29,7,6,18.6,68.82,112,0
SV009,1700000160000,0,normal,22.22,43.2,8,4,27.9,36.52,157,0
SV010,1700000160000,0,normal,11.22,83.8,14,6,12.26,46.27,116,0
SV001,1700000170000,0,normal,12.85,55.53,9,6,24.42,64.21,142,0
SV002,1700000170000,0,normal,34.38,83.46,11,4,31.41,44.5,110,1
SV003,1700000170000,0,normal,36.44,41.56,8,4,19.07,52.52,139,0
SV004,1700000170000,0,normal,26.93,108.0,13,9,30.42,66.12,127,0
SV005,1700000170000,0,normal,17.86,61.07,6,5,10.92,55.22,105,0
SV006,1700000170000,0,normal,23.8,37.73,6,5,12.47,46.57,121,0
SV007,1700000170000,0,normal,39.24,81.91,13,7,12.85,36.86,112,0
SV008,1700000170000,0,normal,19.1,82.29,7,7,22.76,57.75,126,0
SV009,1700000170000,0,normal,18.78,46.8,10,4,24.57,37.19,146,0
SV010,1700000170000,0,normal,10.79,89.37,13,7,12.02,44.08,120,0
SV001,1700000180000,0,normal,14.01,55.45,7,6,23.79,54.7,107,0
SV002,1700000180000,0,normal,41.19,59.4,12,3,25.87,47.26,98,1
SV003,1700000180000,0,normal,34.63,47.52,9,4,18.11,48.61,123,0
SV004,1700000180000,0,normal,22.74,106.12,9,8,27.26,64.03,130,0
SV005,1700000180000,0,normal,20.58,52.1,6,5,10.34,56.2,121,0
SV006,1700000180000,0,normal,22.33,42.52,6,5,14.45,51.89,134,0
SV007,1700000180000,0,normal,42.06,70.29,12,6,13.3,28.34,107,0
SV008,1700000180000,0,normal,18.28,82.98,7,8,21.76,53.66,129,0
SV009,1700000180000,0,normal,18.8,47.64,10,5,23.58,39.55,114,0
SV010,1700000180000,0,normal,10.0,98.43,11,7,10.24,36.83,131,0
SV001,1700000190000,0,normal,15.56,70.48,8,6,23.19,47.54,130,0
SV002,1700000190000,0,normal,39.49,61.85,11,3,25.84,39.55,88,1
SV003,1700000190000,0,normal,41.47,40.74,9,3,17.25,45.97,137,0
SV004,1700000190000,0,normal,30.42,112.74,9,9,26.64,71.35,143,0
SV005,1700000190000,0,normal,27.1,57.44,7,5,12.89,67.31,102,0
SV006,1700000190000,0,normal,22.89,43.88,7,5,12.41,48.93,139,0
SV007,1700000190000,0,normal,45.61,85.63,12,7,14.27,28.59,110,0
SV008,1700000190000,0,normal,16.49,84.87,8,8,23.33,54.84,121,0
SV009,1700000190000,0,normal,17.87,43.24,10,5,26.09,35.88,129,0
SV010,1700000190000,0,normal,10.38,84.21,10,6,11.08,41.23,143,0
SV001,1700000200000,0,normal,16.71,78.22,9,6,22.71,45.81,125,0
SV002,1700000200000,0,normal,35.29,72.54,11,4,24.39,48.04,98,1
SV003,1700000200000,0,normal,39.94,35.73,10,3,16.78,35.65,144,0
SV004,1700000200000,0,normal,21.87,108.55,11,8,29.38,64.77,120,0
SV005,1700000200000,0,normal,24.72,62.63,7,5,13.65,60.99,118,0
SV006,1700000200000,0,normal,21.98,49.16,7,5,13.25,54.67,165,0
SV007,1700000200000,0,normal,43.72,86.92,14,7,13.32,35.16,117,0
SV008,1700000200000,0,normal,18.06,87.86,7,8,24.48,66.02,89,0
SV009,1700000200000,0,normal,20.08,45.14,10,4,26.94,50.37,126,0
SV010,1700000200000,0,normal,10.85,99.26,11,7,13.49,44.85,143,0
SV001,1700000210000,0,normal,13.44,82.62,10,5,23.97,57.6,124,0
SV002,1700000210000,0,normal,38.66,79.63,9,4,21.88,48.85,104,1
SV003,1700000210000,0,normal,33.62,35.06,10,3,16.69,36.16,164,0
SV004,1700000210000,0,normal,25.52,99.06,12,9,24.25,61.13,104,0
SV005,1700000210000,0,normal,24.46,60.78,7,6,12.79,68.37,102,0
SV006,1700000210000,0,normal,19.99,58.55,6,5,14.22,57.42,149,0
SV007,1700000210000,0,normal,42.68,90.41,11,6,11.4,35.0,110,0
SV008,1700000210000,0,normal,18.84,92.55,7,9,24.67,56.97,117,0
SV009,1700000210000,0,normal,21.49,42.1,9,4,26.67,49.16,144,0
SV010,1700000210000,0,normal,11.13,95.6,12,6,14.54,42.39,145,0
SV001,1700000220000,0,normal,15.43,79.05,9,4,25.48,50.55,146,0
SV002,1700000220000,0,normal,36.48,81.76,9,4,22.84,47.46,107,1
SV003,1700000220000,0,normal,28.5,43.73,9,3,17.12,43.3,160,0
SV004,1700000220000,0,normal,23.09,105.74,11,7,23.36,66.6,114,0
SV005,1700000220000,0,normal,21.64,65.92,7,6,10.21,56.81,117,0
SV006,1700000220000,0,normal,23.32,56.32,5,5,12.27,56.04,121,0
SV007,1700000220000,0,normal,39.37,91.76,9,6,11.24,36.04,111,0
SV008,1700000220000,0,normal,18.19,94.77,7,8,24.9,62.4,132,0
SV009,1700000220000,0,normal,20.7,42.87,9,4,21.36,46.53,148,0
SV010,1700000220000,0,normal,9.61,92.58,10,7,14.26,41.44,134,0
SV001,1700000230000,0,normal,15.53,75.97,8,4,25.08,39.93,124,0
SV002,1700000230000,0,normal,35.36,83.33,8,4,24.83,40.58,118,1
SV003,1700000230000,0,normal,30.61,38.05,9,3,15.73,49.14,168,0
SV004,1700000230000,0,normal,25.89,113.72,12,7,23.18,60.75,131,0
SV005,1700000230000,0,normal,20.43,57.83,6,5,10.9,55.68,113,0
SV006,1700000230000,0,normal,23.09,49.1,6,5,13.37,38.34,123,0
SV007,1700000230000,0,normal,42.07,86.71,11,6,9.4,37.43,113,0
SV008,1700000230000,0,normal,18.94,94.34,7,8,26.11,56.39,132,0
SV009,1700000230000,0,normal,21.47,47.31,10,5,24.3,49.13,156,0
SV010,1700000230000,0,normal,8.89,93.36,12,8,13.8,38.82,132,0
SV001,1700000240000,0,normal,13.74,55.06,8,4,20.03,46.02,106,0
SV002,1700000240000,0,normal,34.53,66.86,8,4,31.13,36.33,118,1
SV003,1700000240000,0,normal,32.71,46.86,9,4,15.12,49.22,139,0
SV004,1700000240000,0,normal,28.67,129.18,13,7,21.33,66.76,117,0
SV005,1700000240000,0,normal,19.11,56.91,6,4,10.78,51.25,139,0
SV006,1700000240000,0,normal,24.3,48.32,6,4,12.44,37.36,126,0
SV007,1700000240000,0,normal,46.93,89.8,11,6,8.69,41.56,98,0
SV008,1700000240000,0,normal,21.1,98.48,6,7,25.82,50.0,128,0
SV009,1700000240000,0,normal,19.79,49.7,9,5,19.15,53.28,146,0
SV010,1700000240000,0,normal,10.03,87.21,15,8,11.28,39.74,149,0
SV001,1700000250000,0,normal,14.23,63.43,10,4,20.76,50.09,117,0
SV002,1700000250000,0,normal,39.27,64.52,7,3,30.54,38.14,108,1
SV003,1700000250000,0,normal,27.97,48.7,9,4,17.49,59.7,148,0
SV004,1700000250000,0,normal,29.17,120.05,11,8,24.09,60.97,131,0
SV005,1700000250000,0,normal,18.74,54.61,7,5,10.87,51.75,123,0
SV006,1700000250000,0,normal,24.45,51.4,5,3,13.64,41.51,134,0
SV007,1700000250000,0,normal,40.52,89.07,11,5,10.27,44.87,99,0
SV008,1700000250000,0,normal,20.35,103.28,7,8,24.7,44.46,116,0
SV009,1700000250000,0,normal,19.18,48.24,9,5,21.96,46.99,152,0
SV010,1700000250000,0,normal,14.14,72.09,12,7,13.47,42.19,139,0
SV001,1700000260000,0,normal,14.13,60.98,10,4,21.32,47.67,132,0
SV002,1700000260000,0,normal,39.41,63.12,9,3,30.14,39.62,92,1
SV003,1700000260000,0,normal,26.8,43.52,9,4,19.27,51.95,154,0
SV004,1700000260000,0,normal,31.41,145.96,13,9,22.87,56.65,118,0
SV005,1700000260000,0,normal,21.23,62.48,7,6,10.9,52.62,147,0
SV006,1700000260000,0,normal,22.28,56.76,6,4,13.23,41.73,160,0
SV007,1700000260000,0,normal,43.16,90.44,11,7,10.5,44.14,81,0
SV008,1700000260000,0,normal,18.25,118.9,8,7,25.44,55.39,101,0
SV009,1700000260000,0,normal,21.66,52.28,7,4,24.32,47.32,149,0
SV010,1700000260000,0,normal,11.89,77.47,10,9,13.07,45.43,131,0
SV001,1700000270000,0,normal,14.74,61.78,8,5,22.75,40.28,130,0
SV002,1700000270000,0,normal,40.99,71.87,9,4,31.62,51.13,102,1
SV003,1700000270000,0,normal,28.57,45.3,9,4,17.9,45.51,162,0
SV004,1700000270000,0,normal,33.14,129.36,13,9,27.82,59.49,107,0
SV005,1700000270000,0,normal,17.79,57.13,8,5,12.56,49.32,147,0
SV006,1700000270000,0,normal,24.82,52.5,7,5,11.86,41.57,162,0
SV007,1700000270000,0,normal,38.93,85.68,10,7,11.78,41.79,96,0
SV008,1700000270000,0,normal,20.92,104.48,9,6,24.21,51.49,96,0
SV009,1700000270000,0,normal,22.69,54.85,7,4,21.22,43.81,131,0
SV010,1700000270000,0,normal,12.44,86.69,10,6,13.16,42.4,170,0
SV001,1700000280000,0,normal,14.47,66.63,9,5,24.7,44.52,127,0
SV002,1700000280000,0,normal,36.52,71.24,8,4,28.7,46.12,91,1
SV003,1700000280000,0,normal,32.58,44.99,8,4,19.72,38.49,159,0
SV004,1700000280000,0,normal,28.15,124.43,11,8,27.26,58.67,117,0
SV005,1700000280000,0,normal,17.15,60.23,9,5,12.34,50.85,134,0
SV006,1700000280000,0,normal,26.71,45.49,7,5,15.92,38.36,153,0
SV007,1700000280000,0,normal,39.39,91.81,10,9,11.65,34.5,93,0
SV008,1700000280000,0,normal,18.45,95.36,9,6,24.3,55.4,110,0
SV009,1700000280000,0,normal,21.08,51.58,7,4,22.95,41.4,114,0
SV010,1700000280000,0,normal,11.98,74.49,11,6,11.42,34.52,139,0
SV001,1700000290000,0,normal,14.63,69.63,8,5,22.1,47.42,116,0
SV002,1700000290000,0,normal,40.06,83.44,8,5,30.81,43.68,77,1
SV003,1700000290000,0,normal,32.89,39.29,8,4,20.7,47.92,138,0
SV004,1700000290000,0,normal,29.86,122.55,10,7,25.56,71.21,125,0
SV005,1700000290000,0,normal,20.98,55.79,7,4,13.19,59.53,144,0
SV006,1700000290000,0,normal,26.31,45.69,6,6,15.48,46.95,129,0
SV007,1700000290000,0,normal,36.25,99.32,11,9,13.31,41.19,82,0
SV008,1700000290000,0,normal,20.7,86.05,9,6,25.14,65.31,96,0
SV009,1700000290000,0,normal,17.44,45.26,7,4,23.28,38.77,138,0
SV010,1700000290000,0,normal,10.68,76.96,14,7,10.84,37.28,140,0
SV001,1700000300000,0,normal,16.27,80.97,8,5,22.28,45.15,119,0
SV002,1700000300000,0,normal,38.65,90.47,10,4,32.56,36.83,83,1
SV003,1700000300000,0,normal,39.56,45.12,7,4,19.82,51.25,122,0
SV004,1700000300000,0,normal,27.56,114.02,12,8,27.38,71.46,112,0
SV005,1700000300000,0,normal,20.1,58.37,7,5,14.76,56.03,145,0
SV006,1700000300000,0,normal,23.61,48.76,6,7,14.0,48.22,159,0
SV007,1700000300000,0,normal,32.31,100.16,10,8,11.26,41.17,81,0
SV008,1700000300000,0,normal,15.29,92.91,9,7,19.53,75.88,124,0
SV009,1700000300000,0,normal,19.21,43.4,8,5,23.67,45.5,146,0
SV010,1700000300000,0,normal,11.13,66.58,14,7,10.16,39.12,162,0
SV001,1700000310000,0,normal,15.78,75.68,8,4,24.39,55.17,114,0
SV002,1700000310000,0,normal,36.26,97.93,11,4,29.41,41.82,100,1
SV003,1700000310000,0,normal,37.51,36.13,7,4,21.97,56.14,124,0
SV004,1700000310000,0,normal,32.29,95.62,11,7,29.49,56.56,90,0
SV005,1700000310000,0,normal,21.16,72.05,8,5,13.9,56.62,157,0
SV006,1700000310000,0,normal,23.13,58.38,6,6,13.26,48.69,147,0
SV007,1700000310000,0,normal,29.92,103.05,9,7,13.14,44.48,84,0
SV008,1700000310000,0,normal,15.42,84.41,8,7,25.1,80.44,132,0
SV009,1700000310000,0,normal,19.21,47.49,9,6,23.95,49.36,155,0
SV010,1700000310000,0,normal,9.72,63.43,13,6,11.35,47.04,131,0
SV001,1700000320000,0,normal,14.63,81.41,9,5,21.55,56.87,119,0
SV002,1700000320000,0,normal,41.75,91.0,11,4,27.74,49.44,114,1
SV003,1700000320000,0,normal,35.68,35.55,9,4,18.55,51.96,116,0
SV004,1700000320000,0,normal,30.18,97.15,12,8,27.06,53.53,87,0
SV005,1700000320000,0,normal,20.82,67.17,7,4,14.46,54.24,161,0
SV006,1700000320000,0,normal,20.41,56.95,7,6,10.27,53.46,143,0
SV007,1700000320000,0,normal,32.51,89.09,10,8,11.69,44.09,84,0
SV008,1700000320000,0,normal,19.87,94.21,8,9,25.12,66.11,110,0
SV009,1700000320000,0,normal,21.15,40.64,8,6,22.26,42.44,171,0
SV010,1700000320000,0,normal,9.13,65.9,13,8,13.83,49.09,121,0
SV001,1700000330000,0,normal,14.54,68.01,9,4,22.64,61.37,120,0
SV002,1700000330000,0,normal,44.15,97.7,11,4,27.83,44.79,112,1
SV003,1700000330000,0,normal,36.91,43.21,9,4,20.39,44.68,137,0
SV004,1700000330000,0,normal,23.82,94.44,12,6,25.69,54.53,102,0
SV005,1700000330000,0,normal,19.92,61.68,7,5,12.71,47.23,152,0
SV006,1700000330000,0,normal,24.19,50.27,7,5,9.36,47.0,157,0
SV007,1700000330000,0,normal,32.97,79.77,8,8,11.62,45.77,102,0
SV008,1700000330000,0,normal,18.74,103.04,8,9,28.43,62.03,109,0
SV009,1700000330000,0,normal,23.23,41.69,8,5,21.72,44.16,161,0
SV010,1700000330000,0,normal,7.2,76.19,12,7,13.77,38.0,131,0
SV001,1700000340000,0,normal,13.28,67.38,8,4,27.12,54.85,141,0
SV002,1700000340000,0,normal,43.13,108.36,11,4,29.24,53.42,105,1
SV003,1700000340000,0,normal,36.58,42.58,7,4,19.99,44.93,122,0
SV004,1700000340000,0,normal,28.19,97.92,13,8,27.69,69.93,129,0
SV005,1700000340000,0,normal,21.88,63.94,7,5,12.92,52.58,122,0
SV006,1700000340000,0,normal,25.54,57.62,6,4,11.93,40.05,141,0
SV007,1700000340000,0,normal,36.57,88.26,10,9,14.29,45.36,90,0
SV008,1700000340000,0,normal,19.13,96.77,7,8,28.69,54.17,107,0
SV009,1700000340000,0,normal,23.84,40.93,9,7,25.46,42.77,139,0
SV010,1700000340000,0,normal,8.49,76.41,13,7,13.17,35.38,148,0
SV001,1700000350000,0,normal,13.99,74.25,10,5,29.2,51.06,123,0
SV002,1700000350000,0,normal,41.27,83.89,11,4,28.85,49.52,99,1
SV003,1700000350000,0,normal,37.31,49.36,7,3,20.84,42.0,132,0
SV004,1700000350000,0,normal,22.67,98.79,12,7,26.07,69.37,120,0
SV005,1700000350000,0,normal,20.01,81.47,7,6,11.48,51.09,104,0
SV006,1700000350000,0,normal,26.91,60.77,6,5,12.94,43.27,145,0
SV007,1700000350000,0,normal,41.18,95.16,10,9,13.59,46.96,87,0
SV008,1700000350000,0,normal,18.23,85.45,7,8,27.43,58.07,111,0
SV009,1700000350000,0,normal,22.39,41.11,9,5,21.25,45.44,127,0
SV010,1700000350000,0,normal,9.23,84.86,12,7,14.46,35.5,138,0
SV001,1700000360000,0,normal,13.86,77.47,9,5,24.37,50.07,133,0
SV002,1700000360000,0,normal,45.77,95.92,9,4,24.4,45.79,92,1
SV003,1700000360000,0,normal,33.98,46.31,9,3,22.02,42.12,147,0
SV004,1700000360000,0,normal,25.64,85.76,12,9,24.81,58.99,120,0
SV005,1700000360000,0,normal,23.31,76.08,7,5,13.59,46.58,109,0
SV006,1700000360000,0,normal,23.55,64.39,7,5,12.45,40.44,144,0
SV007,1700000360000,0,normal,45.45,81.59,10,8,13.79,44.83,97,0
SV008,1700000360000,0,normal,17.19,83.56,7,8,25.33,62.78,103,0
SV009,1700000360000,0,normal,24.29,40.34,9,5,20.22,41.92,116,0
SV010,1700000360000,0,normal,9.37,90.93,11,7,14.53,36.13,155,0
SV001,1700000370000,0,normal,13.98,69.0,10,6,20.42,45.48,122,0
SV002,1700000370000,0,normal,39.08,97.42,9,4,23.72,50.41,74,1
SV003,1700000370000,0,normal,31.09,45.89,9,3,24.23,46.83,157,0
SV004,1700000370000,0,normal,30.47,99.6,11,9,26.16,49.96,130,1
SV005,1700000370000,0,normal,23.0,72.18,6,5,12.37,52.34,116,0
SV006,1700000370000,0,normal,22.2,58.73,7,5,11.16,43.67,158,0
SV007,1700000370000,0,normal,42.5,117.11,11,6,11.25,50.18,104,0
SV008,1700000370000,0,normal,17.71,81.67,7,8,28.97,54.28,120,0
SV009,1700000370000,0,normal,22.09,37.48,9,5,20.28,44.6,124,0
SV010,1700000370000,0,normal,10.28,89.34,11,8,13.86,36.06,129,0
SV001,1700000380000,0,normal,15.57,74.82,9,6,22.21,42.97,118,0
SV002,1700000380000,0,normal,45.08,102.13,10,4,27.49,48.36,108,1
SV003,1700000380000,0,normal,29.15,44.36,10,4,23.74,50.49,150,0
SV004,1700000380000,0,normal,30.81,91.63,11,8,27.3,61.69,152,1
SV005,1700000380000,0,normal,22.11,62.7,6,4,12.1,49.0,139,0
SV006,1700000380000,0,normal,22.58,56.32,7,5,10.6,47.99,163,0
SV007,1700000380000,0,normal,39.08,91.91,10,6,10.47,51.85,95,0
SV008,1700000380000,0,normal,18.24,75.35,6,7,27.76,59.74,116,0
SV009,1700000380000,0,normal,22.37,37.11,8,6,22.65,43.08,121,0
SV010,1700000380000,0,normal,9.85,76.98,11,8,12.97,40.54,131,0
SV001,1700000390000,0,normal,12.64,70.75,9,6,21.38,50.26,98,0
SV002,1700000390000,0,normal,38.37,113.73,10,4,26.99,43.41,94,1
SV003,1700000390000,0,normal,33.45,48.03,10,4,20.49,51.75,145,0
SV004,1700000390000,0,normal,34.47,84.74,10,9,23.2,57.82,146,1
SV005,1700000390000,0,normal,19.09,64.76,6,4,12.15,48.74,135,0
SV006,1700000390000,0,normal,17.83,64.63,7,5,13.51,48.02,158,0
SV007,1700000390000,0,normal,35.58,94.9,12,7,13.01,55.13,107,0
SV008,1700000390000,0,normal,16.84,77.96,6,7,24.83,58.8,117,0
SV009,1700000390000,0,normal,22.48,39.74,8,6,19.99,43.63,145,0
SV010,1700000390000,0,normal,10.22,77.86,13,7,13.6,41.65,148,0
SV001,1700000400000,0,normal,11.87,68.28,9,6,21.14,40.52,104,0
SV002,1700000400000,0,normal,41.86,125.37,10,4,24.24,35.11,103,1
SV003,1700000400000,0,normal,35.73,44.77,10,4,19.1,55.99,141,0
SV004,1700000400000,0,normal,35.72,99.74,11,8,23.99,60.44,133,1
SV005,1700000400000,0,normal,21.97,61.65,6,5,11.83,44.66,146,0
SV006,1700000400000,0,normal,19.89,56.1,7,5,14.45,36.52,148,0
SV007,1700000400000,0,normal,41.79,110.85,13,7,15.15,42.17,97,0
SV008,1700000400000,0,normal,14.93,91.32,7,7,27.09,56.83,116,0
SV009,1700000400000,0,normal,20.71,33.27,8,5,20.02,44.8,146,0
SV010,1700000400000,0,normal,10.56,77.11,12,7,13.19,31.61,155,0
SV001,1700000410000,0,normal,10.78,72.15,7,5,22.99,46.02,102,0
SV002,1700000410000,0,normal,40.11,109.35,9,4,26.06,40.84,131,1
SV003,1700000410000,0,normal,34.02,42.5,11,4,21.19,54.8,138,0
SV004,1700000410000,0,normal,36.52,104.6,13,7,21.36,61.94,126,1
SV005,1700000410000,0,normal,24.41,64.2,6,4,12.79,54.34,143,0
SV006,1700000410000,0,normal,17.32,51.85,7,5,12.45,38.9,125,0
SV007,1700000410000,0,normal,33.6,95.79,13,8,14.58,41.02,85,0
SV008,1700000410000,0,normal,18.87,85.62,7,8,26.56,57.47,133,1
SV009,1700000410000,0,normal,17.63,43.76,8,4,21.66,43.41,153,0
SV010,1700000410000,0,normal,8.7,84.4,13,6,14.83,40.57,128,0
SV001,1700000420000,0,normal,11.57,72.64,9,6,28.42,53.15,100,0
SV002,1700000420000,0,normal,38.89,105.06,11,4,33.01,42.42,120,1
SV003,1700000420000,0,normal,35.25,36.56,10,4,18.06,48.41,114,0
SV004,1700000420000,0,normal,29.94,96.02,15,9,22.62,61.7,137,1
SV005,1700000420000,0,normal,22.36,67.48,6,4,12.36,48.14,145,0
SV006,1700000420000,0,normal,19.21,52.26,6,5,12.03,47.63,128,0
SV007,1700000420000,0,normal,30.95,91.58,11,10,14.08,34.86,96,0
SV008,1700000420000,0,normal,18.0,80.56,5,9,25.54,57.11,127,1
SV009,1700000420000,0,normal,19.74,43.16,9,4,26.6,46.29,138,0
SV010,1700000420000,0,normal,9.9,83.25,13,6,13.74,36.17,133,0
SV001,1700000430000,0,normal,13.58,61.32,9,6,24.67,54.0,114,1
SV002,1700000430000,0,normal,40.32,106.31,11,4,29.6,45.08,113,1
SV003,1700000430000,0,normal,32.64,46.61,10,4,18.83,46.47,116,0
SV004,1700000430000,0,normal,33.88,96.51,12,7,21.68,57.55,153,1
SV005,1700000430000,0,normal,22.93,64.65,6,5,10.66,48.25,126,0
SV006,1700000430000,0,normal,19.39,39.28,7,5,13.5,41.51,132,0
SV007,1700000430000,0,normal,29.14,95.76,13,10,12.37,35.85,78,0
SV008,1700000430000,0,normal,16.96,82.62,6,8,24.93,59.95,125,1
SV009,1700000430000,0,normal,21.22,46.99,9,4,25.85,39.14,155,0
SV010,1700000430000,0,normal,10.45,79.84,12,6,13.5,45.93,114,0
SV001,1700000440000,0,normal,13.95,69.0,9,6,22.43,55.36,117,1
SV002,1700000440000,0,normal,40.29,98.39,9,4,28.52,46.8,103,1
SV003,1700000440000,0,normal,35.22,42.85,9,4,18.92,43.94,111,0
SV004,1700000440000,0,normal,33.3,93.22,13,7,23.83,67.94,116,1
SV005,1700000440000,0,normal,24.52,63.93,7,5,10.72,59.52,121,0
SV006,1700000440000,0,normal,22.05,39.82,7,5,12.38,41.85,130,0
SV007,1700000440000,0,normal,37.05,88.87,11,10,12.85,38.75,88,0
SV008,1700000440000,0,normal,18.76,81.27,7,9,21.76,57.61,93,1
SV009,1700000440000,0,normal,17.58,51.76,10,4,21.84,40.0,129,0
SV010,1700000440000,0,normal,10.76,63.67,13,6,15.47,40.15,131,0
SV001,1700000450000,0,normal,14.94,61.41,9,5,24.7,62.32,118,1
SV002,1700000450000,0,normal,36.64,98.77,9,4,25.95,45.31,112,1
SV003,1700000450000,0,normal,31.37,45.79,9,4,21.86,37.77,116,0
SV004,1700000450000,0,normal,35.39,108.47,14,7,20.43,62.71,131,1
SV005,1700000450000,0,normal,22.35,70.31,7,5,10.81,57.75,132,0
SV006,1700000450000,0,normal,25.76,45.37,7,6,13.71,47.48,119,0
SV007,1700000450000,0,normal,31.6,82.08,11,9,11.76,43.25,94,0
SV008,1700000450000,0,normal,18.31,82.5,6,9,22.51,49.35,97,1
SV009,1700000450000,0,normal,13.82,46.18,11,4,22.08,40.34,129,0
SV010,1700000450000,0,normal,10.0,82.25,14,6,14.44,44.85,122,0
SV001,1700000460000,0,normal,15.9,63.52,8,5,21.44,55.95,114,1
SV002,1700000460000,0,normal,34.65,92.96,8,3,29.35,59.62,131,1
SV003,1700000460000,0,normal,27.72,49.82,9,4,20.5,40.13,114,0
SV004,1700000460000,0,normal,35.46,105.92,13,8,20.22,62.23,156,1
SV005,1700000460000,0,normal,23.06,68.08,7,5,10.34,69.53,126,0
SV006,1700000460000,0,normal,25.8,48.56,6,5,13.84,45.02,111,0
SV007,1700000460000,0,normal,33.25,72.18,9,9,12.99,48.73,95,0
SV008,1700000460000,0,normal,17.44,91.19,7,8,20.78,49.67,119,1
SV009,1700000460000,0,normal,19.07,55.49,11,4,22.35,43.59,150,0
SV010,1700000460000,0,normal,9.63,84.72,15,7,15.3,40.66,134,0
SV001,1700000470000,0,normal,13.58,64.59,7,5,21.36,61.5,105,1
SV002,1700000470000,0,normal,34.58,100.86,10,3,24.9,53.35,117,1
SV003,1700000470000,0,normal,29.86,51.18,8,4,19.77,38.11,106,0
SV004,1700000470000,0,normal,38.1,93.12,10,7,23.47,64.75,149,1
SV005,1700000470000,0,normal,20.33,74.26,8,5,9.64,69.18,134,0
SV006,1700000470000,0,normal,24.19,51.37,7,5,11.54,37.07,133,0
SV007,1700000470000,0,normal,31.25,66.19,10,9,11.75,49.53,102,0
SV008,1700000470000,0,normal,17.35,90.88,7,8,20.96,57.94,118,1
SV009,1700000470000,0,normal,20.88,56.4,11,4,19.7,43.09,141,0
SV010,1700000470000,0,normal,10.44,77.39,14,7,16.73,33.39,138,0
SV001,1700000480000,0,normal,13.84,60.73,7,6,18.68,55.42,101,1
SV002,1700000480000,0,normal,32.35,95.75,10,3,24.81,51.06,117,1
SV003,1700000480000,0,normal,31.72,53.73,8,4,17.58,38.37,120,0
SV004,1700000480000,0,normal,30.7,91.18,11,8,23.02,55.69,157,1
SV005,1700000480000,0,normal,14.59,75.05,6,5,11.4,64.12,124,0
SV006,1700000480000,0,normal,22.38,66.33,6,5,10.53,42.64,138,0
SV007,1700000480000,0,normal,35.08,77.12,9,9,13.83,51.44,99,0
SV008,1700000480000,0,normal,18.3,77.88,7,8,22.56,58.36,118,1
SV009,1700000480000,0,normal,18.48,53.92,11,5,25.94,46.14,133,0
SV010,1700000480000,0,normal,9.44,78.27,11,8,15.59,40.66,133,0
SV001,1700000490000,0,normal,12.62,63.23,8,5,19.59,42.75,111,1
SV002,1700000490000,0,normal,32.91,84.35,10,3,25.11,46.7,111,1
SV003,1700000490000,0,normal,34.08,44.19,9,4,20.79,47.64,118,0
SV004,1700000490000,0,normal,26.55,92.61,10,9,20.66,50.03,137,1
SV005,1700000490000,0,normal,18.22,61.3,6,5,13.08,64.74,128,0
SV006,1700000490000,0,normal,23.5,65.28,7,5,11.88,45.19,139,0
SV007,1700000490000,0,normal,38.23,92.09,11,9,15.12,47.22,113,0
SV008,1700000490000,0,normal,18.31,82.8,6,7,24.61,55.88,131,1
SV009,1700000490000,0,normal,21.85,54.62,10,5,23.86,49.16,142,0
SV010,1700000490000,0,normal,9.64,71.91,11,8,15.93,41.65,130,0
SV001,1700000500000,0,normal,13.47,59.21,7,5,16.91,41.18,120,1
SV002,1700000500000,0,normal,32.6,85.68,11,4,24.6,57.1,106,1
SV003,1700000500000,0,normal,34.0,43.25,9,4,18.75,55.93,116,0
SV004,1700000500000,0,normal,27.52,97.81,12,9,24.03,53.06,128,1
SV005,1700000500000,0,normal,19.37,64.35,7,6,12.88,65.99,109,0
SV006,1700000500000,0,normal,19.2,62.34,6,5,12.75,43.83,141,0
SV007,1700000500000,0,normal,35.68,90.13,11,9,15.62,42.41,104,0
SV008,1700000500000,0,normal,17.32,105.34,7,7,21.6,54.64,127,1
SV009,1700000500000,0,normal,22.01,43.83,10,5,24.87,54.47,149,0
SV010,1700000500000,0,normal,9.22,72.89,13,7,12.23,36.39,135,0
SV001,1700000510000,0,normal,11.97,65.7,6,5,17.12,51.86,97,1
SV002,1700000510000,0,normal,31.81,77.82,12,4,22.79,53.48,94,1
SV003,1700000510000,0,normal,31.74,40.52,8,5,19.7,56.91,127,0
SV004,1700000510000,0,normal,27.99,105.11,12,7,23.07,49.3,119,1
SV005,1700000510000,0,normal,20.98,67.48,8,4,11.48,65.2,104,0
SV006,1700000510000,0,normal,23.79,55.68,6,6,12.99,53.6,159,0
SV007,1700000510000,0,normal,34.24,88.59,11,9,15.28,36.51,105,0
SV008,1700000510000,0,normal,21.58,99.42,8,6,22.72,52.35,122,1
SV009,1700000510000,0,normal,23.12,41.24,10,5,23.33,41.24,135,0
SV010,1700000510000,0,normal,9.04,76.46,12,8,13.05,39.04,126,0
SV001,1700000520000,0,normal,10.83,66.8,8,5,19.79,54.72,111,1
SV002,1700000520000,0,normal,35.35,82.27,9,4,19.14,46.02,94,1
SV003,1700000520000,0,normal,32.66,38.59,9,5,14.19,56.0,122,0
SV004,1700000520000,0,normal,26.0,104.55,12,8,27.25,60.08,104,1
SV005,1700000520000,0,normal,22.63,68.65,7,5,11.78,61.14,120,0
SV006,1700000520000,0,normal,22.32,52.06,5,5,13.41,50.44,141,0
SV007,1700000520000,0,normal,35.84,96.24,12,9,14.84,35.78,113,0
SV008,1700000520000,0,normal,22.33,109.57,7,7,23.59,48.36,108,1
SV009,1700000520000,0,normal,25.9,52.62,10,5,20.91,42.23,152,0
SV010,1700000520000,0,normal,8.41,74.06,13,8,13.95,41.34,135,0
SV001,1700000530000,0,normal,10.57,72.27,11,5,21.27,65.56,121,1
SV002,1700000530000,0,normal,33.74,97.08,9,4,20.88,42.47,93,1
SV003,1700000530000,0,normal,30.88,46.46,10,5,14.58,46.7,106,0
SV004,1700000530000,0,normal,28.58,92.77,12,8,28.49,59.02,103,1
SV005,1700000530000,0,normal,22.75,61.37,7,6,10.4,53.51,121,0
SV006,1700000530000,0,normal,23.58,47.48,6,5,9.38,56.46,142,0
SV007,1700000530000,0,normal,28.79,86.48,13,9,12.72,37.71,110,0
SV008,1700000530000,0,normal,22.0,95.17,7,8,23.37,54.55,106,1
SV009,1700000530000,0,normal,22.91,55.42,9,5,23.04,44.05,111,1
SV010,1700000530000,0,normal,8.1,65.49,15,8,15.15,41.73,134,0
SV001,1700000540000,0,normal,12.45,68.57,10,5,22.26,55.48,111,1
SV002,1700000540000,0,normal,35.95,92.77,8,4,27.88,47.63,92,1
SV003,1700000540000,0,normal,33.15,35.55,11,5,20.2,45.56,106,0
SV004,1700000540000,0,normal,28.36,78.47,14,7,24.55,63.85,102,1
SV005,1700000540000,0,normal,25.04,58.23,7,5,9.84,61.18,130,0
SV006,1700000540000,0,normal,21.32,54.1,7,5,10.86,55.48,148,0
SV007,1700000540000,0,normal,33.08,81.11,12,8,12.33,40.21,108,0
SV008,1700000540000,0,normal,18.91,93.43,8,7,19.41,60.7,110,1
SV009,1700000540000,0,normal,20.06,41.22,9,5,21.3,38.82,138,1
SV010,1700000540000,0,normal,9.73,73.33,14,7,13.72,38.06,156,0
SV001,1700000550000,0,normal,13.67,62.87,10,6,23.8,57.67,134,1
SV002,1700000550000,0,normal,38.18,95.83,11,3,29.22,42.88,97,1
SV003,1700000550000,0,normal,32.2,43.23,9,5,19.08,43.85,116,0
SV004,1700000550000,0,normal,31.59,71.06,13,7,22.47,63.9,124,1
SV005,1700000550000,0,normal,21.89,65.79,8,5,10.59,63.6,120,0
SV006,1700000550000,0,normal,28.86,61.8,6,4,10.51,47.15,152,0
SV007,1700000550000,0,normal,39.25,105.58,12,10,8.92,39.47,86,0
SV008,1700000550000,0,normal,18.94,92.79,8,6,21.54,58.53,123,1
SV009,1700000550000,0,normal,19.33,47.66,10,5,22.51,43.19,158,1
SV010,1700000550000,0,normal,9.82,71.08,14,7,13.96,35.1,169,0
SV001,1700000560000,0,normal,14.9,64.6,11,5,24.22,60.4,129,1
SV002,1700000560000,0,normal,38.27,98.92,10,4,26.26,44.44,100,1
SV003,1700000560000,0,normal,29.58,38.6,8,5,18.69,40.52,129,0
SV004,1700000560000,0,normal,29.84,79.68,13,8,28.49,59.16,152,1
SV005,1700000560000,0,normal,17.62,71.71,9,4,11.5,53.74,110,0
SV006,1700000560000,0,normal,25.64,46.96,6,5,8.95,40.97,145,0
SV007,1700000560000,0,normal,36.83,97.39,13,10,10.86,49.75,87,0
SV008,1700000560000,0,normal,18.03,96.94,7,7,22.03,50.92,125,1
SV009,1700000560000,0,normal,19.94,48.04,9,6,25.79,46.15,150,1
SV010,1700000560000,0,normal,10.37,85.48,15,7,12.84,38.24,138,0
SV001,1700000570000,0,normal,14.21,65.58,12,4,26.43,63.41,141,1
SV002,1700000570000,0,normal,37.75,95.28,10,4,29.4,39.66,98,1
SV003,1700000570000,0,normal,26.01,46.52,9,4,20.84,43.97,121,0
SV004,1700000570000,0,normal,26.19,85.13,13,8,30.23,62.65,157,1
SV005,1700000570000,0,normal,18.13,67.11,9,5,10.71,65.45,116,0
SV006,1700000570000,0,normal,26.26,47.71,5,5,10.6,52.49,153,0
SV007,1700000570000,0,normal,26.12,102.95,12,10,10.49,41.06,108,0
SV008,1700000570000,0,normal,16.6,90.62,7,9,23.65,46.02,131,1
SV009,1700000570000,0,normal,17.82,38.87,11,5,27.45,49.27,132,1
SV010,1700000570000,0,normal,10.36,83.46,15,7,10.92,35.65,138,0
SV001,1700000580000,0,normal,13.38,71.11,10,4,25.42,64.83,137,1
SV002,1700000580000,0,normal,40.82,91.47,8,3,30.44,45.29,97,1
SV003,1700000580000,0,normal,30.44,50.17,9,4,23.41,37.12,113,0
SV004,1700000580000,0,normal,23.67,94.0,13,6,31.94,49.57,147,1
SV005,1700000580000,0,normal,18.17,66.88,8,4,9.76,50.88,128,0
SV006,1700000580000,0,normal,30.32,44.13,5,4,11.67,50.53,137,0
SV007,1700000580000,0,normal,29.46,105.93,13,10,9.93,36.0,110,0
SV008,1700000580000,0,normal,16.56,102.72,7,10,19.31,47.22,124,1
SV009,1700000580000,0,normal,17.71,34.52,10,6,30.36,51.75,147,1
SV010,1700000580000,0,normal,12.68,79.81,15,7,12.82,39.3,140,0
SV001,1700000590000,0,normal,12.21,78.66,10,5,24.35,70.97,134,1
SV002,1700000590000,0,normal,39.66,96.73,7,4,31.21,38.12,103,1
SV003,1700000590000,0,normal,29.8,49.12,10,4,21.36,44.0,158,0
SV004,1700000590000,0,normal,28.61,74.79,12,7,28.25,53.38,120,1
SV005,1700000590000,0,normal,20.87,64.14,8,4,8.39,51.78,115,0
SV006,1700000590000,0,normal,28.36,42.16,5,4,10.57,59.61,136,0
SV007,1700000590000,0,normal,32.19,86.94,11,9,11.24,37.9,96,0
SV008,1700000590000,0,normal,16.4,84.9,7,7,22.8,53.16,127,1
SV009,1700000590000,0,normal,24.21,39.85,9,6,28.83,44.86,151,1
SV010,1700000590000,0,normal,11.29,76.92,14,8,13.54,39.42,133,0
SV001,1700000600000,0,normal,12.89,67.16,11,5,21.42,74.02,118,1
SV002,1700000600000,0,normal,39.51,99.53,6,4,26.06,46.21,81,1
SV003,1700000600000,0,normal,36.14,49.2,9,4,21.24,48.33,135,0
SV004,1700000600000,0,normal,31.09,93.39,10,8,27.15,57.03,112,1
SV005,1700000600000,0,normal,23.48,60.65,7,5,9.84,54.9,125,0
SV006,1700000600000,0,normal,29.53,40.11,5,5,10.56,56.8,124,0
SV007,1700000600000,0,normal,31.11,89.45,10,9,9.69,33.78,93,0
SV008,1700000600000,0,normal,18.19,87.98,8,8,22.32,54.74,106,1
SV009,1700000600000,0,normal,25.18,39.01,10,6,27.4,49.0,144,1
SV010,1700000600000,0,normal,10.68,73.58,14,7,12.05,35.68,123,0
SV001,1700000610000,0,normal,11.98,56.66,11,4,20.81,66.89,106,1
SV002,1700000610000,0,normal,32.67,99.58,8,4,28.72,43.83,85,2
SV003,1700000610000,0,normal,31.51,49.68,10,4,20.39,39.01,107,0
SV004,1700000610000,0,normal,34.34,106.23,10,8,25.81,62.09,123,1
SV005,1700000610000,0,normal,24.69,64.08,6,5,9.55,56.59,115,0
SV006,1700000610000,0,normal,27.98,44.91,6,5,10.95,59.58,138,0
SV007,1700000610000,0,normal,33.1,84.68,8,8,11.66,40.94,75,0
SV008,1700000610000,0,normal,19.94,104.42,7,7,22.75,45.73,97,1
SV009,1700000610000,0,normal,17.56,40.31,9,5,28.84,47.11,163,1
SV010,1700000610000,0,normal,13.42,67.11,13,7,11.83,39.97,143,0
SV001,1700000620000,0,normal,11.52,64.92,8,4,21.9,63.3,123,1
SV002,1700000620000,0,normal,27.28,97.7,10,4,31.2,42.53,82,2
SV003,1700000620000,0,normal,29.35,45.38,10,3,18.48,39.13,131,0
SV004,1700000620000,0,normal,37.21,105.7,12,9,29.55,57.64,138,1
SV005,1700000620000,0,normal,21.69,53.11,6,5,10.77,54.62,98,0
SV006,1700000620000,0,normal,24.96,45.02,6,5,10.31,52.64,128,0
SV007,1700000620000,1,remote-desktop,273.63,776.97,13,7,52.91,42.15,80,0
SV008,1700000620000,0,normal,20.34,98.11,8,7,19.54,55.87,77,1
SV009,1700000620000,0,normal,17.44,38.02,9,5,28.66,43.56,146,1
SV010,1700000620000,0,normal,13.13,65.42,14,8,15.59,34.83,149,0
SV001,1700000630000,0,normal,11.58,71.32,9,5,22.48,57.93,150,1
SV002,1700000630000,0,normal,31.63,86.64,9,4,23.94,45.75,91,2
SV003,1700000630000,0,normal,29.84,40.83,10,3,18.69,39.03,132,0
SV004,1700000630000,0,normal,34.91,99.67,13,9,27.35,42.63,130,1
SV005,1700000630000,0,normal,19.6,47.4,6,5,10.75,55.61,105,0
SV006,1700000630000,0,normal,23.06,41.27,7,4,10.7,54.04,120,0
SV007,1700000630000,1,remote-desktop,355.57,869.46,12,9,68.56,43.93,87,0
SV008,1700000630000,0,normal,21.32,106.06,8,8,22.67,56.96,76,1
SV009,1700000630000,0,normal,20.05,39.3,11,5,25.94,43.84,163,1
SV010,1700000630000,0,normal,11.64,67.25,13,7,14.53,37.16,156,0
SV001,1700000640000,0,normal,13.59,66.85,7,4,22.16,50.03,138,1
SV002,1700000640000,0,normal,27.75,81.42,10,3,28.24,43.45,90,2
SV003,1700000640000,0,normal,34.39,36.35,8,2,20.82,41.0,118,0
SV004,1700000640000,0,normal,34.51,92.39,13,8,29.2,50.28,136,1
SV005,1700000640000,0,normal,22.13,50.05,7,5,9.89,57.85,143,0
SV006,1700000640000,0,normal,21.73,37.42,7,4,10.6,52.07,146,0
SV007,1700000640000,1,remote-desktop,420.98,1065.16,14,10,60.37,44.83,102,0
SV008,1700000640000,0,normal,21.75,99.44,7,9,28.86,51.71,87,1
SV009,1700000640000,0,normal,15.47,36.09,10,5,27.11,42.95,168,1
SV010,1700000640000,0,normal,10.13,65.68,16,8,15.13,36.67,146,0
SV001,1700000650000,0,normal,14.39,58.65,7,4,22.79,49.87,125,1
SV002,1700000650000,0,normal,33.75,90.32,8,3,25.47,47.43,86,2
SV003,1700000650000,0,normal,32.01,34.13,9,3,21.56,44.9,127,0
SV004,1700000650000,0,normal,34.95,96.2,11,8,29.34,54.9,151,1
SV005,1700000650000,0,normal,19.08,48.83,7,4,9.24,55.57,151,0
SV006,1700000650000,0,normal,24.4,55.05,7,5,10.61,48.94,140,0
SV007,1700000650000,1,remote-desktop,360.07,1040.66,15,9,57.3,50.15,97,0
SV008,1700000650000,0,normal,19.07,106.92,7,9,23.9,50.67,106,1
SV009,1700000650000,0,normal,18.64,39.87,8,5,22.7,45.62,154,1
SV010,1700000650000,0,normal,11.76,74.61,14,9,14.42,40.62,110,0
SV001,1700000660000,0,normal,14.65,58.78,9,4,22.88,54.12,129,1
SV002,1700000660000,0,normal,38.55,89.47,10,4,26.96,45.22,82,2
SV003,1700000660000,0,normal,34.58,33.16,9,3,18.86,49.46,156,0
SV004,1700000660000,0,normal,30.85,106.45,13,8,28.7,66.94,138,1
SV005,1700000660000,0,normal,20.56,58.01,6,4,8.63,63.48,138,0
SV006,1700000660000,0,normal,22.94,54.66,6,4,11.27,46.89,139,0
SV007,1700000660000,1,remote-desktop,387.32,1158.89,16,8,73.33,49.29,97,0
SV008,1700000660000,0,normal,17.13,97.56,8,10,22.51,57.23,122,1
SV009,1700000660000,0,normal,17.38,47.48,8,6,19.66,42.52,164,1
SV010,1700000660000,0,normal,11.09,65.63,10,8,16.64,36.56,126,0
SV001,1700000670000,0,normal,15.01,65.02,8,5,20.6,64.82,118,1
SV002,1700000670000,0,normal,31.83,81.41,9,5,26.51,46.06,94,3
SV003,1700000670000,0,normal,35.31,35.65,8,3,18.33,48.21,144,0
SV004,1700000670000,0,normal,34.31,97.06,12,7,24.07,61.46,138,1
SV005,1700000670000,0,normal,21.64,55.11,5,5,10.39,57.23,127,0
SV006,1700000670000,0,normal,21.86,52.42,7,5,10.83,51.37,144,0
SV007,1700000670000,1,remote-desktop,485.36,915.28,14,6,58.13,43.37,88,0
SV008,1700000670000,0,normal,16.72,100.1,9,10,20.42,63.65,142,1
SV009,1700000670000,0,normal,16.14,42.31,7,5,20.64,50.12,188,1
SV010,1700000670000,0,normal,10.17,64.66,13,8,13.69,32.26,116,0
SV001,1700000680000,0,normal,15.68,64.05,9,4,17.23,52.95,134,1
SV002,1700000680000,0,normal,29.63,89.97,11,4,29.86,40.74,120,3
SV003,1700000680000,0,normal,31.27,36.56,9,3,22.04,41.37,134,0
SV004,1700000680000,0,normal,30.73,105.61,11,7,26.72,68.49,130,1
SV005,1700000680000,0,normal,24.38,62.65,6,6,12.25,44.1,138,0
SV006,1700000680000,0,normal,19.01,51.36,6,5,9.82,39.05,127,0
SV007,1700000680000,1,remote-desktop,372.25,1161.45,13,7,64.73,46.93,90,0
SV008,1700000680000,0,normal,17.02,81.8,9,10,17.23,73.0,124,1
SV009,1700000680000,0,normal,19.89,43.66,8,5,22.51,41.83,203,1
SV010,1700000680000,0,normal,10.33,70.4,16,9,13.41,39.8,131,0
SV001,1700000690000,0,normal,13.71,69.66,9,4,17.8,47.32,120,1
SV002,1700000690000,0,normal,34.54,104.0,11,4,29.12,37.49,105,3
SV003,1700000690000,0,normal,25.46,41.97,7,4,21.0,47.91,148,0
SV004,1700000690000,0,normal,29.39,97.4,12,8,27.01,53.27,110,1
SV005,1700000690000,0,normal,23.38,53.08,8,5,11.74,36.14,125,0
SV006,1700000690000,0,normal,16.38,51.53,6,5,10.95,50.91,129,0
SV007,1700000690000,1,remote-desktop,341.99,1235.5,13,8,66.95,41.32,90,0
SV008,1700000690000,0,normal,16.19,73.61,8,10,22.47,60.99,136,1
SV009,1700000690000,0,normal,18.87,40.76,9,5,22.58,43.67,193,1
SV010,1700000690000,0,normal,9.85,78.91,13,9,15.33,42.95,145,0
SV001,1700000700000,0,normal,13.81,68.98,8,4,21.76,48.28,120,1
SV002,1700000700000,0,normal,35.08,96.57,10,4,31.78,33.31,91,3
SV003,1700000700000,0,normal,27.63,35.51,9,4,19.04,51.74,135,0
SV004,1700000700000,0,normal,29.34,96.75,13,6,25.22,59.58,115,1
SV005,1700000700000,0,normal,20.66,44.27,6,5,13.61,45.03,145,0
SV006,1700000700000,0,normal,20.06,57.47,7,4,11.42,51.21,118,0
SV007,1700000700000,1,remote-desktop,536.35,1469.44,12,8,70.53,40.2,79,0
SV008,1700000700000,0,normal,16.64,89.2,7,9,22.42,53.51,117,1
SV009,1700000700000,0,normal,20.89,44.86,11,5,24.2,45.15,172,1
SV010,1700000700000,0,normal,9.65,85.99,13,8,13.39,39.11,115,0
SV001,1700000710000,0,normal,12.76,57.95,7,5,24.08,45.8,124,1
SV002,1700000710000,0,normal,40.17,95.04,10,4,26.29,34.78,105,3
SV003,1700000710000,0,normal,31.94,43.33,7,5,19.16,43.67,133,0
SV004,1700000710000,0,normal,30.99,99.93,12,6,29.69,48.04,122,1
SV005,1700000710000,0,normal,18.67,47.78,7,5,11.16,49.7,122,0
SV006,1700000710000,0,normal,24.17,56.04,6,5,11.72,48.4,135,0
SV007,1700000710000,0,normal,46.2,113.0,9,8,12.51,45.05,98,0
SV008,1700000710000,0,normal,17.79,88.41,8,8,22.66,50.09,144,1
SV009,1700000710000,0,normal,22.09,41.09,10,4,24.32,42.08,170,1
SV010,1700000710000,0,normal,11.44,83.94,13,9,12.59,45.22,112,0
SV001,1700000720000,0,normal,14.08,51.61,8,4,27.33,56.65,121,1
SV002,1700000720000,0,normal,43.51,81.55,11,4,23.08,45.4,97,3
SV003,1700000720000,0,normal,32.33,39.31,8,5,20.93,45.31,115,0
SV004,1700000720000,0,normal,34.3,88.12,14,7,25.82,47.01,133,1
SV005,1700000720000,0,normal,20.19,65.31,6,4,11.32,53.07,145,0
SV006,1700000720000,0,normal,24.17,52.69,6,5,11.06,52.68,110,0
SV007,1700000720000,0,normal,43.57,102.08,11,8,14.01,43.02,92,0
SV008,1700000720000,0,normal,17.54,95.35,7,8,22.69,54.01,152,1
SV009,1700000720000,0,normal,21.52,41.51,9,4,24.4,37.09,134,1
SV010,1700000720000,0,normal,10.16,90.58,14,10,10.1,43.89,130,0
SV001,1700000730000,0,normal,13.5,55.64,10,5,24.86,46.04,131,1
SV002,1700000730000,0,normal,42.39,74.61,10,4,22.78,49.89,99,3
SV003,1700000730000,0,normal,34.09,42.96,8,4,20.87,48.82,129,0
SV004,1700000730000,0,normal,35.34,88.33,14,7,26.03,43.13,134,1
SV005,1700000730000,0,normal,18.77,65.31,8,5,12.33,44.88,149,0
SV006,1700000730000,0,normal,23.02,58.59,5,6,10.36,49.6,123,0
SV007,1700000730000,0,normal,43.28,106.68,11,9,15.49,43.84,93,0
SV008,1700000730000,0,normal,16.35,91.1,7,9,18.79,60.32,119,1
SV009,1700000730000,0,normal,23.85,45.43,10,5,22.29,36.06,125,1
SV010,1700000730000,0,normal,7.04,88.61,14,9,13.26,36.83,143,0
SV001,1700000740000,0,normal,14.1,56.97,10,5,20.05,48.11,119,1
SV002,1700000740000,0,normal,45.86,82.28,10,4,23.83,47.36,99,3
SV003,1700000740000,0,normal,33.5,36.51,8,4,21.02,49.06,137,0
SV004,1700000740000,0,normal,27.9,69.86,12,8,28.68,41.83,125,1
SV005,1700000740000,0,normal,15.65,65.91,6,5,12.4,38.97,143,0
SV006,1700000740000,0,normal,28.59,49.81,5,6,11.65,46.05,133,0
SV007,1700000740000,0,normal,39.71,85.01,11,8,13.78,40.18,85,0
SV008,1700000740000,0,normal,16.97,89.7,7,10,20.69,61.24,116,1
SV009,1700000740000,0,normal,24.08,44.58,10,4,25.12,39.01,133,1
SV010,1700000740000,0,normal,10.11,96.88,14,9,10.07,36.18,128,0
SV001,1700000750000,0,normal,12.73,70.82,9,5,20.3,48.29,120,1
SV002,1700000750000,0,normal,40.73,88.18,10,4,25.15,41.04,107,3
SV003,1700000750000,0,normal,38.02,39.93,7,4,21.87,50.17,141,0
SV004,1700000750000,0,normal,32.08,83.13,12,8,27.04,53.63,124,1
SV005,1700000750000,0,normal,14.28,64.2,5,5,9.82,47.63,129,0
SV006,1700000750000,0,normal,28.01,48.67,5,5,13.36,44.6,134,0
SV007,1700000750000,0,normal,40.07,85.14,9,9,12.15,33.28,85,0
SV008,1700000750000,0,normal,17.1,87.97,7,9,21.25,52.99,112,1
SV009,1700000750000,0,normal,21.48,47.55,11,4,21.86,33.42,151,1
SV010,1700000750000,0,normal,9.05,95.69,13,8,12.87,38.45,105,0
SV001,1700000760000,0,normal,15.27,66.54,9,5,24.42,53.19,116,1
SV002,1700000760000,0,normal,36.51,103.48,9,4,23.58,43.72,90,3
SV003,1700000760000,0,normal,38.96,41.1,8,4,19.37,53.95,139,0
SV004,1700000760000,0,normal,28.08,79.24,11,8,25.19,57.5,148,1
SV005,1700000760000,0,normal,18.78,62.54,6,4,9.73,43.08,109,0
SV006,1700000760000,0,normal,25.4,48.95,5,5,14.09,52.77,125,0
SV007,1700000760000,0,normal,43.08,85.98,9,9,12.85,34.76,82,0
SV008,1700000760000,0,normal,18.11,91.48,8,9,19.67,53.07,111,1
SV009,1700000760000,0,normal,19.88,50.68,10,5,24.58,38.04,108,1
SV010,1700000760000,0,normal,8.01,81.54,15,7,16.61,41.35,114,0
SV001,1700000770000,0,normal,15.13,58.93,9,5,23.36,56.13,119,1
SV002,1700000770000,0,normal,36.07,105.58,10,4,24.2,55.11,113,3
SV003,1700000770000,0,normal,36.28,42.17,8,4,20.31,52.69,134,0
SV004,1700000770000,0,normal,27.06,96.7,12,8,27.45,55.02,145,1
SV005,1700000770000,0,normal,17.82,61.39,8,5,11.35,54.66,120,0
SV006,1700000770000,0,normal,26.64,54.71,5,4,10.83,41.46,138,0
SV007,1700000770000,0,normal,37.85,87.64,9,8,13.03,40.7,86,0
SV008,1700000770000,0,normal,17.19,80.73,8,9,20.15,55.3,122,1
SV009,1700000770000,0,normal,16.05,41.99,11,5,23.79,42.35,109,1
SV010,1700000770000,0,normal,8.89,85.82,14,6,13.21,48.18,163,0
SV001,1700000780000,0,normal,17.67,59.44,9,4,23.59,59.66,130,1
SV002,1700000780000,0,normal,35.53,105.12,10,4,27.78,47.59,105,3
SV003,1700000780000,0,normal,36.16,41.33,9,5,18.54,54.75,151,0
SV004,1700000780000,0,normal,30.09,105.07,13,9,27.34,44.17,149,1
SV005,1700000780000,0,normal,18.57,69.15,8,6,11.4,46.02,116,0
SV006,1700000780000,0,normal,28.2,57.01,5,5,10.86,42.95,128,0
SV007,1700000780000,0,normal,33.13,90.73,10,7,12.02,42.89,87,0
SV008,1700000780000,0,normal,16.01,84.19,8,8,17.81,55.32,107,1
SV009,1700000780000,0,normal,16.75,41.83,10,5,24.43,40.21,131,1
SV010,1700000780000,0,normal,9.13,94.25,15,7,12.95,35.38,150,0
SV001,1700000790000,0,normal,13.57,60.58,9,4,24.17,53.76,118,1
SV002,1700000790000,0,normal,34.52,99.98,8,4,25.07,45.57,105,3
SV003,1700000790000,0,normal,25.66,40.03,9,5,20.52,53.89,134,0
SV004,1700000790000,0,normal,34.55,107.68,13,9,24.59,60.21,126,1
SV005,1700000790000,0,normal,20.9,77.24,6,5,13.14,45.2,125,0
SV006,1700000790000,0,normal,25.3,53.12,6,5,12.78,46.35,141,0
SV007,1700000790000,0,normal,34.71,80.61,9,6,11.53,49.39,91,0
SV008,1700000790000,0,normal,18.05,78.52,9,8,19.66,46.38,94,1
SV009,1700000790000,0,normal,21.1,45.93,10,6,25.12,42.24,137,1
SV010,1700000790000,0,normal,9.95,98.86,14,6,13.38,32.88,127,0
SV001,1700000800000,0,normal,12.44,61.15,9,5,21.88,47.85,124,1
SV002,1700000800000,0,normal,37.42,99.41,9,4,28.19,43.35,114,3
SV003,1700000800000,1,many-destinations,30.91,121.22,33,36,29.28,48.44,114,0
SV004,1700000800000,0,normal,36.56,93.91,12,8,22.58,55.48,119,1
SV005,1700000800000,0,normal,21.78,74.41,6,5,9.11,54.65,128,0
SV006,1700000800000,0,normal,19.97,58.32,6,5,12.05,37.22,144,0
SV007,1700000800000,0,normal,38.75,84.08,9,8,10.89,54.94,91,0
SV008,1700000800000,0,normal,17.81,85.24,8,7,21.54,58.16,115,1
SV009,1700000800000,0,normal,24.68,42.91,9,5,27.75,52.87,136,1
SV010,1700000800000,0,normal,9.7,91.32,14,7,13.09,38.13,132,1
SV001,1700000810000,0,normal,13.52,58.0,9,6,19.95,51.95,124,1
SV002,1700000810000,0,normal,39.82,119.63,10,4,30.13,47.32,99,3
SV003,1700000810000,1,many-destinations,23.71,175.11,34,39,28.97,61.12,124,0
SV004,1700000810000,0,normal,35.4,100.17,13,8,27.64,50.99,133,1
SV005,1700000810000,0,normal,20.75,81.02,6,6,9.34,55.64,119,0
SV006,1700000810000,0,normal,23.13,64.14,6,5,11.04,46.29,134,0
SV007,1700000810000,0,normal,32.87,77.75,9,8,10.77,51.55,91,0
SV008,1700000810000,0,normal,19.89,90.93,7,7,22.39,56.11,103,1
SV009,1700000810000,0,normal,23.37,42.32,9,5,29.04,42.53,100,1
SV010,1700000810000,0,normal,9.05,90.88,12,7,12.5,33.71,138,1
SV001,1700000820000,0,normal,12.51,45.98,8,5,24.26,51.62,122,1
SV002,1700000820000,0,normal,42.28,95.31,10,4,28.62,50.63,89,4
SV003,1700000820000,1,many-destinations,25.18,168.76,31,32,29.02,54.26,144,0
SV004,1700000820000,0,normal,33.41,109.32,14,10,27.09,53.56,129,1
SV005,1700000820000,0,normal,22.32,76.59,7,6,8.46,58.32,110,0
SV006,1700000820000,0,normal,26.13,58.66,5,5,10.3,46.92,152,0
SV007,1700000820000,0,normal,30.99,90.43,9,7,12.36,40.69,107,0
SV008,1700000820000,0,normal,17.77,88.68,7,7,22.87,55.74,130,1
SV009,1700000820000,0,normal,20.25,43.91,10,5,25.34,45.97,99,1
SV010,1700000820000,0,normal,8.92,82.28,15,7,11.96,35.19,159,1
SV001,1700000830000,0,normal,13.74,52.59,6,6,25.1,60.29,129,1
SV002,1700000830000,0,normal,42.3,88.69,9,4,28.02,49.7,100,4
SV003,1700000830000,1,many-destinations,30.67,165.29,32,43,27.26,57.24,118,0
SV004,1700000830000,0,normal,33.28,100.96,14,10,24.36,62.59,122,1
SV005,1700000830000,0,normal,24.62,71.92,8,5,8.17,49.2,115,0
SV006,1700000830000,0,normal,25.83,52.44,6,5,10.66,45.92,130,0
SV007,1700000830000,0,normal,37.82,89.46,9,7,13.66,43.7,87,0
SV008,1700000830000,0,normal,16.95,80.84,8,6,26.5,54.2,121,1
SV009,1700000830000,0,normal,19.22,45.61,8,4,25.0,50.08,140,1
SV010,1700000830000,0,normal,9.69,78.56,12,8,12.62,32.11,134,1
SV001,1700000840000,0,normal,14.68,59.66,7,5,24.46,58.83,109,1
SV002,1700000840000,0,normal,45.14,85.42,9,4,25.65,48.89,97,4
SV003,1700000840000,1,many-destinations,30.87,125.38,32,43,35.45,53.31,120,0
SV004,1700000840000,0,normal,31.43,99.19,14,10,24.04,67.03,119,1
SV005,1700000840000,0,normal,23.36,76.51,9,5,10.46,49.85,124,0
SV006,1700000840000,0,normal,30.4,57.74,5,5,9.17,46.21,121,0
SV007,1700000840000,0,normal,35.92,87.7,12,8,11.96,44.7,94,0
SV008,1700000840000,0,normal,15.67,83.79,6,6,21.66,65.51,119,1
SV009,1700000840000,0,normal,17.74,44.61,8,5,28.2,46.82,148,1
SV010,1700000840000,0,normal,10.86,80.31,13,7,14.1,35.53,129,1
SV001,1700000850000,0,normal,13.5,56.13,7,6,23.99,61.34,107,1
SV002,1700000850000,0,normal,41.16,109.42,10,4,28.57,43.69,105,4
SV003,1700000850000,1,many-destinations,32.19,173.08,35,29,30.24,56.75,112,0
SV004,1700000850000,0,normal,37.91,102.08,14,10,24.98,59.14,104,1
SV005,1700000850000,0,normal,26.67,80.76,8,4,9.82,55.32,103,0
SV006,1700000850000,0,normal,26.38,48.56,5,5,10.65,45.31,131,0
SV007,1700000850000,0,normal,43.4,97.61,12,8,12.21,44.99,81,0
SV008,1700000850000,0,normal,14.95,85.99,8,6,22.61,59.91,122,1
SV009,1700000850000,0,normal,19.71,50.33,9,5,26.22,53.77,158,1
SV010,1700000850000,0,normal,10.5,76.43,13,7,15.52,31.85,122,1
SV001,1700000860000,0,normal,14.04,62.02,5,5,23.09,64.33,103,1
SV002,1700000860000,0,normal,35.93,104.72,10,4,25.26,45.66,114,4
SV003,1700000860000,1,many-destinations,33.94,135.25,38,36,37.3,50.6,154,0
SV004,1700000860000,0,normal,36.17,103.51,15,9,25.59,56.98,105,1
SV005,1700000860000,1,remote-desktop,244.92,603.7,11,4,69.84,51.76,105,0
SV006,1700000860000,0,normal,27.26,44.14,6,5,10.65,50.59,138,0
SV007,1700000860000,0,normal,45.99,93.22,13,8,14.12,45.76,78,0
SV008,1700000860000,0,normal,13.52,68.67,8,6,21.87,52.04,132,1
SV009,1700000860000,0,normal,21.01,52.42,8,6,28.22,43.26,171,1
SV010,1700000860000,0,normal,10.11,74.4,12,8,14.99,30.1,131,1
SV001,1700000870000,0,normal,14.19,52.23,7,4,21.98,67.64,96,1
SV002,1700000870000,0,normal,31.98,98.58,9,5,23.39,45.86,116,4
SV003,1700000870000,1,many-destinations,37.0,116.7,29,33,36.04,45.31,146,0
SV004,1700000870000,0,normal,35.23,99.35,14,9,23.91,63.02,117,1
SV005,1700000870000,1,remote-desktop,228.71,620.38,10,5,63.21,54.72,125,0
SV006,1700000870000,0,normal,28.93,41.4,6,5,10.25,56.31,127,0
SV007,1700000870000,0,normal,44.01,96.37,11,9,12.65,46.96,87,0
SV008,1700000870000,0,normal,12.54,73.11,9,7,23.18,48.07,121,1
SV009,1700000870000,0,normal,15.39,49.71,8,6,25.65,43.19,156,1
SV010,1700000870000,0,normal,10.17,73.68,13,7,12.99,32.19,131,1
SV001,1700000880000,0,normal,12.21,51.87,7,5,19.02,65.52,133,1
SV002,1700000880000,0,normal,34.72,92.76,9,4,21.63,50.08,106,4
SV003,1700000880000,1,many-destinations,29.26,182.16,33,34,31.72,45.62,132,0
SV004,1700000880000,0,normal,30.92,97.5,14,8,25.16,55.51,126,1
SV005,1700000880000,1,remote-desktop,188.7,564.38,10,4,61.4,61.84,128,0
SV006,1700000880000,0,normal,28.86,51.66,7,5,10.5,61.86,122,0
SV007,1700000880000,0,normal,45.66,103.88,11,8,15.28,48.48,87,0
SV008,1700000880000,0,normal,15.15,86.12,7,7,23.63,47.67,110,1
SV009,1700000880000,0,normal,19.2,49.22,9,6,24.89,45.68,151,1
SV010,1700000880000,0,normal,10.22,90.79,13,8,13.55,36.89,126,1
SV001,1700000890000,0,normal,10.95,60.44,8,5,20.09,60.11,124,1
SV002,1700000890000,0,normal,40.34,93.15,8,4,24.28,38.53,106,4
SV003,1700000890000,1,many-destinations,32.44,169.54,37,39,32.62,52.46,143,0
SV004,1700000890000,0,normal,31.1,103.81,15,8,25.25,55.8,143,1
SV005,1700000890000,1,remote-desktop,214.75,630.1,11,5,54.11,59.28,110,0
SV006,1700000890000,0,normal,24.97,49.49,7,5,10.79,61.39,125,0
SV007,1700000890000,0,normal,37.78,108.78,12,8,12.42,43.37,92,0
SV008,1700000890000,0,normal,18.09,103.84,7,7,23.6,54.72,113,2
SV009,1700000890000,0,normal,22.5,55.97,11,5,23.02,49.14,135,1
SV010,1700000890000,0,normal,10.56,95.86,15,8,12.69,34.41,108,1
SV001,1700000900000,0,normal,11.35,67.68,8,5,22.52,62.19,129,1
SV002,1700000900000,0,normal,44.7,97.51,9,4,26.4,45.02,122,4
SV003,1700000900000,1,many-destinations,35.13,169.58,29,41,28.42,48.31,142,0
SV004,1700000900000,0,normal,31.78,87.72,14,8,24.13,52.22,135,1
SV005,1700000900000,1,remote-desktop,191.08,522.81,11,5,54.48,57.79,128,0
SV006,1700000900000,0,normal,26.33,52.25,6,5,11.79,52.14,123,0
SV007,1700000900000,0,normal,39.01,93.43,13,9,14.8,48.63,84,0
SV008,1700000900000,0,normal,20.69,106.35,7,8,23.01,40.18,85,2
SV009,1700000900000,0,normal,18.03,55.67,9,6,28.77,51.24,133,1
SV010,1700000900000,0,normal,10.41,78.04,15,7,11.94,41.01,99,1
SV001,1700000910000,0,normal,13.74,72.24,7,5,21.85,57.86,113,1
SV002,1700000910000,0,normal,36.63,91.46,10,4,22.16,43.99,106,4
SV003,1700000910000,1,many-destinations,39.43,160.62,30,43,30.24,52.52,146,0
SV004,1700000910000,0,normal,30.66,88.45,12,9,23.83,47.47,128,1
SV005,1700000910000,1,remote-desktop,128.45,441.12,9,4,66.16,67.17,110,0
SV006,1700000910000,0,normal,26.75,41.7,5,5,11.97,54.13,134,0
SV007,1700000910000,0,normal,34.46,96.85,15,9,13.32,46.66,88,0
SV008,1700000910000,0,normal,20.54,97.66,7,8,23.82,43.84,115,2
SV009,1700000910000,0,normal,16.77,41.24,10,5,29.87,43.61,166,1
SV010,1700000910000,0,normal,9.83,71.83,16,8,12.58,35.88,124,1
SV001,1700000920000,0,normal,12.1,64.11,10,5,22.09,59.08,112,1
SV002,1700000920000,0,normal,41.41,83.98,11,4,24.49,41.83,95,4
SV003,1700000920000,0,normal,35.93,43.49,7,6,22.93,46.2,132,0
SV004,1700000920000,0,normal,28.1,118.89,14,8,21.23,56.77,126,1
SV005,1700000920000,1,remote-desktop,128.65,566.8,10,4,71.62,59.67,107,0
SV006,1700000920000,0,normal,29.43,41.57,4,6,10.96,53.37,136,0
SV007,1700000920000,0,normal,37.58,73.92,16,8,14.48,44.86,90,0
SV008,1700000920000,0,normal,17.38,79.93,7,8,22.97,40.68,109,2
SV009,1700000920000,0,normal,18.4,46.88,12,6,32.03,38.36,166,1
SV010,1700000920000,0,normal,9.59,65.66,12,6,14.59,34.92,148,1
SV001,1700000930000,0,normal,11.65,78.88,8,5,25.12,61.89,114,1
SV002,1700000930000,0,normal,36.1,78.16,12,5,26.25,41.27,100,4
SV003,1700000930000,0,normal,28.74,38.81,7,5,26.09,50.35,144,0
SV004,1700000930000,0,normal,32.62,120.44,12,9,24.46,48.83,125,1
SV005,1700000930000,1,remote-desktop,142.81,470.19,10,5,69.77,54.02,74,0
SV006,1700000930000,0,normal,26.96,50.12,6,6,9.98,50.56,129,0
SV007,1700000930000,0,normal,27.21,89.38,15,8,11.04,44.78,84,0
SV008,1700000930000,0,normal,17.57,91.19,6,8,22.85,46.87,123,2
SV009,1700000930000,0,normal,20.29,55.81,11,6,29.06,45.65,162,1
SV010,1700000930000,0,normal,9.21,78.11,13,6,13.64,37.5,132,1
SV001,1700000940000,0,normal,11.7,86.55,9,5,25.52,67.8,117,1
SV002,1700000940000,0,normal,33.56,84.69,11,4,23.44,35.9,116,4
SV003,1700000940000,0,normal,30.45,35.43,8,4,28.46,48.81,114,0
SV004,1700000940000,0,normal,34.76,96.3,14,8,24.21,42.52,139,1
SV005,1700000940000,1,remote-desktop,159.7,729.41,12,5,53.46,60.17,111,0
SV006,1700000940000,0,normal,23.24,60.16,7,6,10.92,49.61,140,0
SV007,1700000940000,0,normal,34.82,86.85,13,8,13.49,46.88,102,0
SV008,1700000940000,0,normal,18.05,95.24,6,9,20.75,55.77,135,2
SV009,1700000940000,0,normal,21.5,53.81,11,5,29.6,41.96,149,1
SV010,1700000940000,0,normal,11.3,88.73,15,7,15.09,34.39,166,1
SV001,1700000950000,0,normal,9.23,72.56,8,5,26.5,67.35,134,1
SV002,1700000950000,0,normal,35.45,89.83,10,5,23.17,38.07,117,4
SV003,1700000950000,0,normal,31.48,27.58,9,5,23.61,56.84,130,0
SV004,1700000950000,0,normal,34.09,93.59,12,7,24.21,48.84,132,1
SV005,1700000950000,1,remote-desktop,181.12,668.21,12,5,56.04,60.92,119,0
SV006,1700000950000,0,normal,20.4,60.11,7,5,11.28,45.35,128,0
SV007,1700000950000,0,normal,44.42,95.84,15,6,12.86,47.8,97,0
SV008,1700000950000,0,normal,18.29,88.54,6,9,20.33,60.98,135,2
SV009,1700000950000,0,normal,22.26,46.45,11,5,28.28,47.41,145,1
SV010,1700000950000,0,normal,10.87,83.42,13,7,15.38,39.02,169,1
SV001,1700000960000,0,normal,12.11,65.53,9,6,21.77,71.69,121,1
SV002,1700000960000,0,normal,40.36,87.12,10,5,23.49,38.0,111,4
SV003,1700000960000,0,normal,30.6,38.31,10,5,22.77,54.48,149,0
SV004,1700000960000,0,normal,33.06,97.15,12,6,20.62,53.62,131,1
SV005,1700000960000,1,remote-desktop,206.76,678.51,12,6,72.17,59.1,127,1
SV006,1700000960000,0,normal,20.1,57.35,7,5,11.58,45.14,126,0
SV007,1700000960000,0,normal,40.88,115.97,15,8,11.56,43.2,100,0
SV008,1700000960000,0,normal,15.31,88.43,6,7,22.27,73.87,138,2
SV009,1700000960000,0,normal,22.91,46.46,10,5,23.23,47.86,151,1
SV010,1700000960000,0,normal,11.47,86.26,13,8,16.82,43.24,189,1
SV001,1700000970000,0,normal,12.65,62.59,8,5,22.01,60.92,115,1
SV002,1700000970000,0,normal,40.92,106.97,11,4,26.12,38.62,82,4
SV003,1700000970000,0,normal,33.09,40.45,9,5,18.02,47.68,131,0
SV004,1700000970000,0,normal,34.19,92.43,14,7,20.15,50.78,139,1
SV005,1700000970000,0,normal,16.69,58.53,7,5,14.55,62.34,137,1
SV006,1700000970000,0,normal,18.39,66.61,6,6,11.42,53.5,119,0
SV007,1700000970000,0,normal,36.57,111.2,15,7,10.16,36.86,114,0
SV008,1700000970000,0,normal,17.72,104.13,6,7,22.99,67.48,112,2
SV009,1700000970000,0,normal,19.56,47.32,9,5,27.41,47.62,150,1
SV010,1700000970000,0,normal,12.43,83.08,12,9,14.91,43.63,169,1
SV001,1700000980000,0,normal,12.6,64.12,7,5,18.33,60.75,128,1
SV002,1700000980000,0,normal,37.85,112.41,10,4,25.46,45.87,100,4
SV003,1700000980000,0,normal,37.11,33.22,10,4,18.05,51.68,98,0
SV004,1700000980000,0,normal,34.35,103.49,14,7,21.85,58.54,119,1
SV005,1700000980000,0,normal,20.31,66.6,7,5,13.52,63.35,137,1
SV006,1700000980000,0,normal,21.85,71.16,7,5,11.67,54.45,105,0
SV007,1700000980000,0,normal,41.73,100.62,14,8,11.86,38.82,116,0
SV008,1700000980000,0,normal,13.68,104.43,5,8,23.11,62.05,143,2
SV009,1700000980000,0,normal,20.78,50.42,10,5,24.22,43.1,126,2
SV010,1700000980000,0,normal,10.58,80.74,15,9,14.14,42.17,199,1
SV001,1700000990000,0,normal,11.91,74.93,8,5,19.47,55.47,117,1
SV002,1700000990000,0,normal,35.59,96.95,11,4,22.19,45.45,96,4
SV003,1700000990000,0,normal,30.25,39.1,9,4,19.31,46.66,118,0
SV004,1700000990000,0,normal,30.97,84.28,13,10,18.73,55.34,133,1
SV005,1700000990000,0,normal,23.54,68.89,7,6,12.44,51.95,129,1
SV006,1700000990000,0,normal,23.6,63.19,6,4,9.57,55.89,104,0
SV007,1700000990000,0,normal,39.99,105.16,14,8,11.37,37.39,93,0
SV008,1700000990000,0,normal,15.9,102.63,7,9,20.07,45.45,138,2
SV009,1700000990000,0,normal,20.92,48.17,9,5,24.42,49.11,164,2
SV010,1700000990000,0,normal,11.13,85.86,12,7,13.41,41.48,166,1
SV001,1700001000000,0,normal,9.56,79.08,9,5,20.63,48.67,144,1
SV002,1700001000000,0,normal,42.02,93.9,9,4,24.28,41.73,106,4
SV003,1700001000000,0,normal,27.73,44.31,8,4,22.49,43.6,135,0
SV004,1700001000000,0,normal,30.63,84.73,12,10,21.37,64.68,142,1
SV005,1700001000000,0,normal,23.24,69.28,6,5,12.14,43.03,111,1
SV006,1700001000000,0,normal,26.71,60.62,6,4,12.56,52.04,99,0
SV007,1700001000000,0,normal,39.0,98.6,13,9,12.0,44.86,99,0
SV008,1700001000000,0,normal,17.47,97.72,8,10,19.9,48.21,133,2
SV009,1700001000000,0,normal,18.64,43.79,9,6,28.7,49.38,158,2
SV010,1700001000000,0,normal,9.68,91.5,16,8,12.77,44.43,142,1
SV001,1700001010000,0,normal,9.39,63.99,9,5,24.37,58.61,145,1
SV002,1700001010000,0,normal,38.83,94.15,10,4,26.27,47.66,106,4
SV003,1700001010000,0,normal,31.7,46.39,9,4,21.62,50.99,110,0
SV004,1700001010000,0,normal,34.49,96.7,11,8,21.01,65.24,147,1
SV005,1700001010000,0,normal,23.87,75.81,6,6,14.85,54.13,103,1
SV006,1700001010000,0,normal,26.03,58.89,6,5,12.19,42.57,131,0
SV007,1700001010000,0,normal,30.44,95.5,12,8,10.85,40.35,87,0
SV008,1700001010000,0,normal,17.97,86.65,9,8,21.16,52.98,123,2
SV009,1700001010000,0,normal,16.05,47.23,10,6,28.27,46.91,144,2
SV010,1700001010000,0,normal,9.71,90.88,15,7,12.72,43.95,113,1
SV001,1700001020000,0,normal,11.99,75.48,8,5,22.37,58.11,135,1
SV002,1700001020000,0,normal,40.25,103.62,8,4,25.38,45.66,108,4
SV003,1700001020000,0,normal,34.46,44.93,8,5,20.72,48.59,107,0
SV004,1700001020000,0,normal,35.66,116.94,10,9,26.19,55.79,124,1
SV005,1700001020000,0,normal,25.34,77.01,6,6,16.48,55.61,112,1
SV006,1700001020000,0,normal,23.87,58.68,7,4,11.71,43.23,145,0
SV007,1700001020000,0,normal,31.92,97.36,11,8,14.12,37.46,89,0
SV008,1700001020000,0,normal,18.14,103.91,8,9,22.54,57.92,125,2
SV009,1700001020000,0,normal,16.31,50.79,8,6,32.55,45.69,154,2
SV010,1700001020000,0,normal,8.61,82.1,11,8,14.42,44.22,133,1
SV001,1700001030000,0,normal,11.31,70.54,9,5,24.61,57.17,122,1
SV002,1700001030000,0,normal,37.9,99.77,10,4,27.19,44.44,111,4
SV003,1700001030000,0,normal,34.62,38.88,9,5,21.22,52.55,120,0
SV004,1700001030000,0,normal,33.02,108.31,13,9,27.9,62.15,133,1
SV005,1700001030000,0,normal,21.59,71.42,6,6,14.8,59.47,126,1
SV006,1700001030000,0,normal,24.52,38.69,7,4,13.29,42.04,159,0
SV007,1700001030000,0,normal,35.11,98.4,11,8,14.57,33.65,88,0
SV008,1700001030000,0,normal,19.32,105.57,7,8,26.45,58.99,136,2
SV009,1700001030000,0,normal,19.01,55.93,10,5,30.82,45.39,138,2
SV010,1700001030000,0,normal,9.48,80.76,12,7,14.39,43.85,141,1
SV001,1700001040000,0,normal,10.77,61.65,9,6,25.01,57.47,108,1
SV002,1700001040000,0,normal,39.33,99.55,11,3,23.66,40.88,107,4
SV003,1700001040000,0,normal,38.16,44.77,10,5,22.9,51.36,139,0
SV004,1700001040000,0,normal,30.16,114.02,14,8,28.41,70.71,131,1
SV005,1700001040000,0,normal,22.84,54.61,7,5,12.7,65.31,123,1
SV006,1700001040000,0,normal,27.49,40.79,7,4,14.55,39.32,155,0
SV007,1700001040000,0,normal,29.26,98.47,11,9,14.27,43.2,95,0
SV008,1700001040000,0,normal,17.74,88.13,8,8,27.03,60.4,141,2
SV009,1700001040000,0,normal,19.27,49.62,9,6,29.0,41.3,143,2
SV010,1700001040000,0,normal,9.24,74.27,13,7,13.97,44.45,134,1
SV001,1700001050000,0,normal,12.13,60.93,9,5,21.79,54.76,109,1
SV002,1700001050000,0,normal,41.68,102.93,11,3,19.0,44.33,120,4
SV003,1700001050000,0,normal,34.27,34.82,10,4,22.45,46.83,119,0
SV004,1700001050000,0,normal,25.82,123.24,13,8,25.16,67.47,101,1
SV005,1700001050000,0,normal,27.34,63.32,7,6,11.8,61.98,126,1
SV006,1700001050000,0,normal,26.76,34.46,7,4,13.86,37.5,160,0
SV007,1700001050000,0,normal,37.96,90.49,12,8,14.46,46.76,90,0
SV008,1700001050000,0,normal,18.84,90.86,7,8,23.79,58.6,132,2
SV009,1700001050000,0,normal,17.49,56.99,9,6,29.25,44.54,136,2
SV010,1700001050000,0,normal,10.61,67.54,12,7,13.48,48.15,123,1
SV001,1700001060000,0,normal,12.63,65.31,10,5,17.58,59.58,105,1
SV002,1700001060000,0,normal,39.46,98.84,11,3,22.82,42.57,104,4
SV003,1700001060000,0,normal,31.34,33.73,9,5,18.38,48.71,108,0
SV004,1700001060000,0,normal,28.1,87.89,13,8,24.4,71.05,125,1
SV005,1700001060000,0,normal,26.9,70.83,8,5,11.35,59.7,149,1
SV006,1700001060000,0,normal,23.95,43.06,7,4,11.65,40.65,151,0
SV007,1700001060000,0,normal,35.98,90.75,11,8,14.12,54.47,86,0
SV008,1700001060000,0,normal,15.23,103.11,8,9,20.13,63.77,120,2
SV009,1700001060000,0,normal,17.62,56.22,9,6,26.44,43.92,131,2
SV010,1700001060000,0,normal,8.48,74.06,9,7,14.16,42.84,123,1
SV001,1700001070000,0,normal,11.1,75.07,10,5,17.44,58.76,118,1
SV002,1700001070000,0,normal,39.86,93.97,9,4,25.32,46.58,100,4
SV003,1700001070000,0,normal,33.96,38.37,10,5,20.54,47.49,118,0
SV004,1700001070000,0,normal,25.07,98.96,14,8,23.27,63.37,145,1
SV005,1700001070000,0,normal,22.65,69.97,7,5,13.31,55.04,131,1
SV006,1700001070000,0,normal,24.35,52.88,7,5,12.6,46.27,142,0
SV007,1700001070000,0,normal,40.69,92.67,10,7,11.58,52.39,84,0
SV008,1700001070000,0,normal,16.8,121.69,7,9,24.18,58.37,118,2
SV009,1700001070000,0,normal,20.18,52.21,9,5,23.52,37.42,154,2
SV010,1700001070000,0,normal,9.92,71.29,12,7,14.11,36.66,117,1
SV001,1700001080000,0,normal,10.03,79.51,9,5,18.91,66.27,120,1
SV002,1700001080000,0,normal,39.99,91.33,10,4,24.06,47.28,91,4
SV003,1700001080000,0,normal,29.01,36.95,10,5,17.49,46.38,130,0
SV004,1700001080000,0,normal,29.24,112.6,13,6,27.31,64.82,143,1
SV005,1700001080000,0,normal,20.42,71.49,8,5,13.37,49.6,112,1
SV006,1700001080000,0,normal,23.33,46.79,8,5,14.31,48.26,144,0
SV007,1700001080000,0,normal,40.08,100.17,13,7,13.21,43.99,78,0
SV008,1700001080000,0,normal,17.66,121.46,7,8,27.15,55.16,108,2
SV009,1700001080000,0,normal,20.51,48.03,9,5,27.0,43.91,140,2
SV010,1700001080000,0,normal,8.84,84.83,14,7,13.1,35.06,135,1
SV001,1700001090000,0,normal,10.34,70.05,9,5,15.98,68.22,116,1
SV002,1700001090000,0,normal,36.56,102.57,9,5,27.32,46.3,100,4
SV003,1700001090000,0,normal,32.3,42.38,9,4,15.87,48.52,131,0
SV004,1700001090000,0,normal,32.31,113.83,13,7,26.65,58.61,149,1
SV005,1700001090000,0,normal,19.91,68.51,7,6,14.08,48.8,121,1
SV006,1700001090000,0,normal,20.58,38.04,6,5,14.46,53.81,117,0
SV007,1700001090000,0,normal,38.78,99.63,14,8,11.71,47.32,98,0
SV008,1700001090000,0,normal,18.48,112.02,6,9,28.65,46.17,117,2
SV009,1700001090000,0,normal,17.54,50.06,10,5,27.02,46.63,124,2
SV010,1700001090000,0,normal,6.79,75.47,15,7,14.8,33.49,146,1
SV001,1700001100000,0,normal,13.72,74.83,8,6,18.91,52.62,105,1
SV002,1700001100000,0,normal,37.45,101.11,9,4,30.84,51.82,108,4
SV003,1700001100000,0,normal,33.85,40.11,9,4,15.75,47.84,117,0
SV004,1700001100000,0,normal,32.1,112.25,11,8,33.81,48.42,148,1
SV005,1700001100000,0,normal,20.49,74.11,5,5,12.28,42.81,134,1
SV006,1700001100000,0,normal,21.69,27.16,6,5,11.76,51.1,123,0
SV007,1700001100000,0,normal,35.48,85.88,13,8,13.32,45.78,86,0
SV008,1700001100000,0,normal,17.48,95.4,7,9,26.84,41.09,114,2
SV009,1700001100000,0,normal,17.8,51.22,9,5,30.21,47.91,140,2
SV010,1700001100000,0,normal,7.52,78.67,14,7,15.14,33.64,123,1
SV001,1700001110000,0,normal,13.24,60.11,8,6,19.39,49.85,100,1
SV002,1700001110000,0,normal,38.41,97.67,11,4,30.42,45.85,110,4
SV003,1700001110000,0,normal,35.15,36.28,10,4,16.98,55.56,129,0
SV004,1700001110000,0,normal,35.33,97.97,11,9,26.46,51.75,167,1
SV005,1700001110000,0,normal,22.46,71.42,6,4,13.34,37.62,91,1
SV006,1700001110000,0,normal,19.49,30.46,5,5,14.1,48.72,116,0
SV007,1700001110000,0,normal,37.91,88.75,13,8,10.49,44.38,83,0
SV008,1700001110000,0,normal,15.87,108.27,6,7,26.6,58.42,96,2
SV009,1700001110000,0,normal,18.79,48.79,8,5,27.43,41.68,115,2
SV010,1700001110000,0,normal,7.33,84.6,13,7,13.05,36.23,117,1
SV001,1700001120000,0,normal,13.46,66.31,10,6,21.92,43.43,122,1
SV002,1700001120000,0,normal,33.54,104.12,12,4,32.96,34.46,121,4
SV003,1700001120000,0,normal,30.39,45.68,10,3,17.81,50.13,100,0
SV004,1700001120000,0,normal,36.53,95.08,12,9,27.92,55.1,170,1
SV005,1700001120000,0,normal,19.71,77.2,5,5,13.04,39.22,104,1
SV006,1700001120000,0,normal,30.13,28.95,6,5,11.72,44.2,120,0
SV007,1700001120000,0,normal,39.56,101.7,15,8,11.19,53.61,72,0
SV008,1700001120000,0,normal,17.3,113.65,7,8,26.49,57.84,101,2
SV009,1700001120000,0,normal,19.64,47.99,8,5,22.01,36.35,122,2
SV010,1700001120000,0,normal,8.51,77.25,13,8,13.98,38.12,133,1
SV001,1700001130000,0,normal,13.5,74.31,9,5,21.46,45.73,119,1
SV002,1700001130000,0,normal,32.17,115.28,12,4,31.24,42.54,112,4
SV003,1700001130000,0,normal,30.43,48.08,11,3,21.7,51.82,124,0
SV004,1700001130000,0,normal,35.56,96.04,12,9,24.76,64.35,141,1
SV005,1700001130000,0,normal,18.66,73.62,5,5,11.19,40.37,122,1
SV006,1700001130000,0,normal,26.31,44.61,4,5,10.53,38.08,126,0
SV007,1700001130000,0,normal,36.61,100.06,13,7,13.07,51.1,86,0
SV008,1700001130000,0,normal,16.71,102.77,7,8,24.14,53.26,86,2
SV009,1700001130000,0,normal,20.81,46.83,6,5,22.48,38.77,129,2
SV010,1700001130000,0,normal,9.87,85.99,14,8,14.94,45.62,140,1
SV001,1700001140000,0,normal,12.35,62.89,9,5,23.6,46.34,135,1
SV002,1700001140000,0,normal,32.26,98.3,10,4,30.18,46.76,101,4
SV003,1700001140000,0,normal,35.83,44.99,10,3,19.34,56.35,114,0
SV004,1700001140000,0,normal,33.85,105.65,11,8,24.25,58.33,146,1
SV005,1700001140000,0,normal,19.17,68.12,5,6,13.0,43.28,117,1
SV006,1700001140000,0,normal,25.66,50.54,5,5,11.33,37.9,130,0
SV007,1700001140000,0,normal,37.92,105.74,11,7,12.64,45.76,80,0
SV008,1700001140000,0,normal,17.25,100.57,7,7,20.48,56.69,109,2
SV009,1700001140000,0,normal,20.77,56.42,6,5,25.98,44.16,122,2
SV010,1700001140000,0,normal,10.69,82.15,13,8,13.49,39.29,130,1
SV001,1700001150000,0,normal,12.68,67.96,9,4,19.14,56.02,141,1
SV002,1700001150000,0,normal,37.29,78.97,9,4,28.04,52.57,90,4
SV003,1700001150000,0,normal,34.19,49.43,8,4,20.96,53.43,113,0
SV004,1700001150000,0,normal,29.78,104.74,9,9,23.63,61.25,133,1
SV005,1700001150000,0,normal,20.83,54.14,6,6,12.36,46.32,119,1
SV006,1700001150000,0,normal,26.36,61.31,4,5,11.0,42.78,158,0
SV007,1700001150000,0,normal,43.72,98.97,12,5,12.49,44.12,80,0
SV008,1700001150000,0,normal,16.11,101.11,6,8,23.2,65.53,102,2
SV009,1700001150000,0,normal,22.44,48.52,7,6,27.58,43.24,134,2
SV010,1700001150000,0,normal,10.46,80.84,12,8,12.74,40.21,132,1
SV001,1700001160000,0,normal,12.66,48.39,9,5,20.47,54.75,121,1
SV002,1700001160000,0,normal,37.22,71.86,11,4,26.61,54.73,83,4
SV003,1700001160000,0,normal,33.25,50.79,9,4,17.49,47.46,125,0
SV004,1700001160000,0,normal,30.3,109.02,10,9,24.75,50.02,133,1
SV005,1700001160000,0,normal,20.33,60.36,6,5,13.78,55.08,120,1
SV006,1700001160000,0,normal,24.41,61.98,6,5,10.57,44.59,171,0
SV007,1700001160000,0,normal,39.5,108.69,12,6,13.39,49.09,80,0
SV008,1700001160000,0,normal,18.2,103.91,6,9,25.16,58.28,93,2
SV009,1700001160000,0,normal,19.09,46.68,6,6,21.63,38.93,153,2
SV010,1700001160000,0,normal,8.36,78.29,13,7,12.98,38.72,170,1
SV001,1700001170000,0,normal,10.46,47.35,9,4,18.81,48.38,114,1
SV002,1700001170000,0,normal,40.94,85.88,13,4,27.88,55.73,97,4
SV003,1700001170000,0,normal,32.69,41.25,8,4,20.17,46.02,117,0
SV004,1700001170000,0,normal,31.81,100.81,14,9,24.87,49.79,153,1
SV005,1700001170000,0,normal,23.09,58.95,6,6,11.32,57.68,111,1
SV006,1700001170000,0,normal,25.49,44.14,6,4,11.71,35.02,157,0
SV007,1700001170000,0,normal,44.75,74.78,12,9,11.93,57.66,92,0
SV008,1700001170000,0,normal,22.34,98.98,6,10,22.6,47.57,102,2
SV009,1700001170000,0,normal,21.2,49.4,6,5,21.81,42.49,141,2
SV010,1700001170000,0,normal,8.46,82.12,15,6,12.26,33.58,138,1
SV001,1700001180000,0,normal,11.1,54.59,9,5,21.16,51.04,109,1
SV002,1700001180000,0,normal,36.93,82.52,11,4,30.72,44.79,100,4
SV003,1700001180000,0,normal,34.68,44.14,9,4,20.08,42.16,103,0
SV004,1700001180000,0,normal,32.6,90.53,13,10,24.32,58.59,117,1
SV005,1700001180000,0,normal,18.86,67.55,8,6,10.72,50.21,107,1
SV006,1700001180000,0,normal,25.12,46.91,7,4,12.7,37.71,153,0
SV007,1700001180000,0,normal,37.78,88.77,10,9,10.87,54.2,86,0
SV008,1700001180000,0,normal,20.46,104.41,6,9,23.72,58.49,115,2
SV009,1700001180000,0,normal,24.22,44.88,7,5,23.2,40.73,160,2
SV010,1700001180000,0,normal,10.1,73.49,13,7,12.0,43.19,108,1
SV001,1700001190000,0,normal,11.12,46.01,12,5,19.26,41.53,114,1
SV002,1700001190000,0,normal,38.8,77.9,11,4,31.03,51.22,92,4
SV003,1700001190000,0,normal,30.3,42.73,10,4,16.29,47.55,96,0
SV004,1700001190000,0,normal,30.15,86.72,14,10,29.29,53.71,118,1
SV005,1700001190000,0,normal,19.93,65.05,6,5,9.06,47.74,108,1
SV006,1700001190000,0,normal,25.96,60.46,7,5,14.9,34.17,131,0
SV007,1700001190000,0,normal,44.25,94.34,13,10,12.95,52.24,94,0
SV008,1700001190000,0,normal,20.63,99.04,6,8,25.99,60.92,117,2
SV009,1700001190000,0,normal,21.54,38.03,8,5,23.02,44.08,172,2
SV010,1700001190000,0,normal,9.63,71.36,14,8,11.41,38.56,131,1
