trace,t,time,label,category,scenario,kbSent,kbReceived,connectionCount,distinctDestinationCount,cpuPercent,ramPercent,processCount,focusLostCount,ifTraining,ifScore,ifThreshold,ifConsecutive,ifFlag,kbSent_q10,kbSent_q50,kbSent_q90,kbReceived_q10,kbReceived_q50,kbReceived_q90,connectionCount_q10,connectionCount_q50,connectionCount_q90,distinctDestinationCount_q10,distinctDestinationCount_q50,distinctDestinationCount_q90,cpuPercent_q10,cpuPercent_q50,cpuPercent_q90,ramPercent_q10,ramPercent_q50,ramPercent_q90,chronosWorstCount,chronosFlag
focus_01,0,1791433449502,0,normal,normal,0.330000,0.270000,7.000000,2.000000,1.660000,4.170000,84.000000,0.000000,1,0.000000,0.000000,0,0,,,,,,,,,,,,,,,,,,,0,0
focus_01,1,1791433459501,0,normal,normal,0.350000,0.290000,7.000000,2.000000,0.700000,4.200000,84.000000,0.000000,1,0.000000,0.000000,0,0,,,,,,,,,,,,,,,,,,,0,0
focus_01,2,1791433469498,0,normal,normal,0.420000,0.290000,7.000000,2.000000,0.480000,4.200000,84.000000,0.000000,1,0.000000,0.000000,0,0,,,,,,,,,,,,,,,,,,,0,0
focus_01,3,1791433479498,0,normal,normal,0.200000,0.200000,7.000000,2.000000,0.380000,4.200000,84.000000,0.000000,1,0.000000,0.000000,0,0,,,,,,,,,,,,,,,,,,,0,0
focus_01,4,1791433489498,0,normal,normal,0.500000,0.300000,7.000000,2.000000,0.430000,4.200000,84.000000,0.000000,1,0.000000,0.000000,0,0,,,,,,,,,,,,,,,,,,,0,0
focus_01,5,1791433499497,0,normal,normal,0.220000,0.280000,7.000000,2.000000,0.500000,4.200000,84.000000,0.000000,1,0.000000,0.000000,0,0,,,,,,,,,,,,,,,,,,,0,0
focus_01,6,1791433509498,0,normal,normal,0.340000,0.270000,7.000000,2.000000,0.430000,4.200000,84.000000,0.000000,1,0.000000,0.000000,0,0,,,,,,,,,,,,,,,,,,,0,0
focus_01,7,1791433519497,0,normal,normal,0.340000,0.250000,7.000000,2.000000,0.450000,4.200000,84.000000,0.000000,1,0.000000,0.000000,0,0,,,,,,,,,,,,,,,,,,,0,0
focus_01,8,1791433529497,0,normal,normal,0.440000,0.290000,7.000000,2.000000,0.450000,4.200000,84.000000,0.000000,1,0.000000,0.000000,0,0,,,,,,,,,,,,,,,,,,,0,0
focus_01,9,1791433539497,0,normal,normal,0.210000,0.210000,7.000000,2.000000,0.480000,4.200000,84.000000,0.000000,1,0.000000,0.000000,0,0,,,,,,,,,,,,,,,,,,,0,0
focus_01,10,1791433549497,0,normal,normal,0.500000,0.360000,7.000000,2.000000,0.550000,4.200000,84.000000,0.000000,1,0.000000,0.000000,0,0,,,,,,,,,,,,,,,,,,,0,0
focus_01,11,1791433559496,0,normal,normal,0.200000,0.200000,7.000000,2.000000,0.600000,4.200000,84.000000,0.000000,1,0.000000,0.000000,0,0,,,,,,,,,,,,,,,,,,,0,0
focus_01,12,1791433569496,0,normal,normal,0.350000,0.280000,7.000000,2.000000,0.480000,4.190000,84.000000,0.000000,1,0.000000,0.000000,0,0,0.142785,0.298745,0.527167,0.176120,0.246568,0.347115,7.000000,7.000000,7.000000,2.000000,2.000000,2.000000,0.342830,0.613341,1.283891,4.184674,4.196891,4.204966,0,0
focus_01,13,1791433579498,0,normal,normal,0.360000,0.300000,7.000000,2.000000,1.050000,4.200000,84.000000,0.000000,1,0.000000,0.000000,0,0,0.171086,0.318192,0.516884,0.199297,0.264469,0.350407,7.000000,7.000000,7.000000,2.000000,2.000000,2.000000,0.380858,0.504647,1.118358,4.172044,4.188524,4.202514,0,0
focus_01,14,1791433589496,0,normal,normal,0.430000,0.240000,7.000000,2.000000,0.400000,4.200000,84.000000,0.000000,1,0.000000,0.000000,0,0,0.192618,0.331488,0.521064,0.200004,0.273833,0.362110,7.000000,7.000000,7.000000,2.000000,2.000000,2.000000,0.481164,0.964061,1.887731,4.181259,4.196783,4.209383,1,0
focus_01,15,1791433599497,0,normal,normal,0.190000,0.260000,7.000000,2.000000,0.450000,4.200000,84.000000,0.000000,1,0.000000,0.000000,0,0,0.197619,0.340799,0.522567,0.200760,0.258110,0.332519,7.000000,7.000000,7.000000,2.000000,2.000000,2.000000,0.363460,0.495132,1.019242,4.182635,4.196121,4.206087,1,0
focus_01,16,1791433609496,0,normal,normal,0.510000,0.370000,7.000000,2.000000,0.430000,4.200000,84.000000,0.000000,1,0.000000,0.000000,0,0,0.162125,0.309543,0.521019,0.211294,0.261372,0.332626,7.000000,7.000000,7.000000,2.000000,2.000000,2.000001,0.409065,0.493682,0.924688,4.183347,4.194949,4.203019,1,0
focus_01,17,1791433619495,0,normal,normal,47.870000,1.750000,9.000000,2.000000,2.430000,4.390000,82.000000,0.000000,1,0.000000,0.000000,0,0,0.200440,0.335728,0.529504,0.218543,0.277488,0.362964,7.000000,7.000000,7.000000,2.000000,2.000000,2.000000,0.394040,0.483335,0.978674,4.192117,4.199644,4.202681,2,0
focus_01,18,1791433629496,0,normal,normal,49.390000,2.600000,10.000000,2.000000,2.120000,4.550000,82.000000,0.000000,1,0.000000,0.000000,0,0,-0.867005,13.563034,70.195259,0.231215,0.641614,2.235739,6.949935,7.560257,9.954287,2.000000,2.000000,2.000000,0.474486,1.387698,3.406686,4.186131,4.264663,4.537312,3,1
focus_01,19,1791433639496,0,normal,normal,0.810000,0.320000,10.000000,2.000000,0.880000,4.380000,82.000000,0.000000,1,0.000000,0.000000,0,0,7.021086,29.156101,91.648102,0.909209,2.172471,4.682408,7.772563,9.331354,12.639353,2.000000,2.000000,2.000000,0.717642,1.544756,3.060456,4.308676,4.513406,4.913982,4,1
focus_01,20,1791433649495,0,normal,normal,2.180000,0.350000,10.000000,2.000000,0.870000,4.360000,82.000000,0.000000,1,0.000000,0.000000,0,0,-0.689666,0.159077,15.718381,0.225204,0.274613,0.954626,8.251866,9.587809,11.584015,2.000000,2.000000,2.000000,0.414440,0.863984,2.022896,4.211358,4.283878,4.507089,0,0
focus_01,21,1791433659498,0,normal,normal,0.470000,1.160000,10.000000,2.000000,0.630000,4.320000,82.000000,0.000000,1,0.000000,0.000000,0,0,0.235408,1.217427,11.289104,0.248979,0.299400,0.811354,8.254795,9.423666,11.038702,2.000000,2.000000,2.000000,0.460366,0.865884,1.954266,4.226940,4.300744,4.477993,1,0
focus_01,22,1791433669495,0,normal,normal,0.490000,0.290000,10.000000,2.000000,0.380000,4.310000,82.000000,0.000000,1,0.000000,0.000000,0,0,0.391968,0.947937,9.290342,0.277656,0.549817,1.652142,8.425904,9.531816,10.772493,2.000000,2.000000,2.000000,0.365734,0.668944,1.650213,4.219213,4.278746,4.426751,0,0
focus_01,23,1791433679495,0,normal,normal,0.210000,0.270000,10.000000,2.000000,0.430000,4.310000,82.000000,0.000000,1,0.000000,0.000000,0,0,0.527129,0.864464,6.798735,0.244500,0.290539,0.848684,8.462461,9.466681,10.323552,2.000000,2.000000,2.000000,0.347683,0.479358,1.157884,4.216276,4.268215,4.393319,1,0
focus_01,24,1791433689500,0,normal,normal,0.640000,0.360000,10.000000,2.000000,0.430000,4.330000,82.000000,0.000000,1,0.000000,0.000000,0,0,0.573881,0.994810,5.387498,0.255849,0.290389,0.714590,8.625558,9.543734,10.094143,2.000000,2.000000,2.000000,0.373032,0.474478,1.031421,4.223353,4.270535,4.361289,0,0
focus_01,25,1791433699494,0,normal,normal,0.350000,0.290000,10.000000,2.000000,0.380000,4.340000,82.000000,0.000000,1,0.000000,0.000000,0,0,0.497264,0.775697,4.957561,0.259207,0.299684,0.753533,8.895306,9.758683,10.124153,2.000000,2.000000,2.000000,0.365963,0.441414,0.886067,4.247988,4.315673,4.404610,1,0
focus_01,26,1791433709499,0,normal,normal,0.440000,0.300000,10.000000,2.000000,0.330000,4.330000,82.000000,0.000000,1,0.000000,0.000000,0,0,0.523495,0.762386,5.343616,0.263488,0.290491,0.624079,9.084119,9.859303,10.141639,2.000000,2.000000,2.000000,0.330987,0.413176,0.814247,4.278447,4.343845,4.418952,2,0
focus_01,27,1791433719495,0,normal,normal,0.190000,0.190000,10.000000,2.000000,0.380000,4.330000,82.000000,0.000000,1,0.000000,0.000000,0,0,0.553524,0.830046,5.626410,0.265895,0.293334,0.653073,9.245056,9.948622,10.162020,2.000000,2.000000,2.000000,0.326481,0.389359,0.732753,4.274316,4.331340,4.400537,3,1
focus_01,28,1791433729495,0,normal,normal,0.500000,0.300000,10.000000,2.000000,0.450000,4.330000,81.000000,0.000000,1,0.000000,0.000000,0,0,0.519294,0.876622,4.655888,0.246138,0.269404,0.579875,9.372932,10.018970,10.176122,2.000000,2.000000,2.000000,0.336843,0.396543,0.733448,4.270070,4.323269,4.388138,4,1
focus_01,29,1791433739494,0,normal,normal,0.210000,0.280000,10.000000,2.000000,0.330000,4.330000,81.000000,0.000000,1,0.000000,0.000000,0,0,0.510677,0.874735,4.042523,0.259155,0.284278,0.610949,9.460572,10.079762,10.208269,2.000000,2.000000,2.000000,0.385368,0.441434,0.800249,4.289931,4.336343,4.389527,5,1
focus_01,30,1791433749495,0,normal,normal,0.360000,0.270000,10.000000,2.000000,0.450000,4.330000,81.000000,0.000000,0,0.526204,0.797546,0,0,0.405355,0.877505,3.519575,0.248244,0.277073,0.612642,9.578853,10.183129,10.258077,2.000000,2.000000,2.000000,0.349265,0.393345,0.632724,4.300769,4.344969,4.395451,6,1
focus_01,31,1791433759496,0,normal,normal,0.350000,0.260000,10.000000,2.000000,0.780000,4.320000,80.000000,0.000000,0,0.547244,0.797546,0,0,0.322760,0.778066,3.450549,0.251939,0.273598,0.570992,9.600738,10.192986,10.255000,2.000000,2.000000,2.000000,0.381777,0.428239,0.795330,4.301702,4.340433,4.383708,0,0
focus_01,32,1791433769495,0,normal,normal,0.440000,0.310000,10.000000,2.000000,0.550000,4.320000,80.000000,0.000000,0,0.527927,0.797546,0,0,0.346009,0.818227,2.756922,0.242890,0.265526,0.534314,9.627356,10.156771,10.196836,2.000000,2.000000,2.000000,0.390321,0.556640,1.207749,4.285168,4.316744,4.357957,0,0
focus_01,33,1791433779495,0,normal,normal,0.210000,0.210000,10.000000,2.000000,0.430000,4.320000,80.000000,0.000000,0,0.535853,0.797546,0,0,0.249125,0.474374,6.678447,0.233790,0.269517,0.624161,9.884561,10.400606,10.436592,2.000000,2.000000,2.000000,0.391697,0.549108,1.057444,4.309811,4.339288,4.364415,1,0
focus_01,34,1791433789495,0,normal,normal,0.480000,0.280000,10.000000,2.000000,0.450000,4.320000,80.000000,0.000000,0,0.522498,0.797546,0,0,0.343138,0.546748,4.989855,0.253351,0.266336,0.624366,9.883197,10.339480,10.450560,2.000000,2.000000,2.000000,0.388525,0.485215,1.074394,4.300379,4.336713,4.359186,0,0
focus_01,35,1791433799494,0,normal,normal,0.210000,0.270000,10.000000,2.000000,0.350000,4.320000,80.000000,0.000000,0,0.533652,0.797546,0,0,0.169458,0.347042,3.763876,0.252968,0.259593,0.600632,9.836303,10.314284,10.486932,2.000000,2.000000,2.000000,0.385824,0.473625,0.952059,4.299439,4.337632,4.350619,1,0
focus_01,36,1791433809495,1,anomaly,FOCUS_LOSS,0.370000,0.240000,10.000000,2.000000,0.500000,4.320000,80.000000,2.000000,0,0.534815,0.797546,0,0,0.074129,0.106817,4.807211,0.253157,0.257864,0.656644,9.750217,10.242105,10.410333,2.000000,2.000000,2.000000,0.367859,0.419358,0.980401,4.300086,4.335168,4.345577,1,0
focus_01,37,1791433819494,1,anomaly,FOCUS_LOSS,0.370000,0.370000,10.000000,2.000000,0.430000,4.320000,80.000000,3.000000,0,0.527372,0.797546,0,0,0.301823,0.375352,2.482703,0.253586,0.262982,0.590855,9.776546,10.265399,10.426690,2.000000,2.000000,2.000000,0.369262,0.503506,1.083900,4.304998,4.336823,4.344954,0,0
focus_01,38,1791433829495,1,anomaly,FOCUS_LOSS,0.430000,0.270000,10.000000,2.000000,0.430000,4.320000,80.000000,4.000000,0,0.520852,0.797546,0,0,0.470569,0.505932,2.021065,0.266413,0.318626,0.803039,9.762403,10.248727,10.393634,2.000000,2.000000,2.000000,0.378830,0.472084,1.051032,4.304220,4.337170,4.344615,1,0
focus_01,39,1791433839494,1,anomaly,FOCUS_LOSS,0.190000,0.200000,10.000000,2.000000,0.330000,4.320000,80.000000,5.000000,0,0.546982,0.797546,0,0,0.419741,0.500331,1.244178,0.263199,0.278538,0.668616,9.736032,10.219415,10.353099,2.000000,2.000000,2.000000,0.383146,0.478011,1.084220,4.303298,4.336060,4.341820,2,0
focus_01,40,1791433849495,1,anomaly,FOCUS_LOSS,0.500000,0.300000,10.000000,2.000000,0.430000,4.320000,80.000000,7.000000,0,0.520363,0.797546,0,0,0.444677,0.583892,1.433800,0.234869,0.263237,0.526225,9.707952,10.183621,10.299113,2.000000,2.000000,2.000001,0.333859,0.455198,1.105122,4.308765,4.338826,4.342190,0,0
focus_01,41,1791433859494,1,anomaly,FOCUS_LOSS,0.220000,0.280000,10.000000,2.000000,0.570000,4.320000,80.000000,8.000000,0,0.537031,0.797546,0,0,0.429755,0.630785,1.645553,0.247551,0.314095,0.683715,9.737264,10.212379,10.311006,2.000000,2.000000,2.000000,0.353535,0.536755,1.263383,4.308938,4.338490,4.340633,1,0
focus_01,42,1791433869494,1,anomaly,FOCUS_LOSS,0.370000,0.300000,10.000000,2.000000,0.700000,4.350000,80.000000,9.000000,0,0.557977,0.797546,0,0,0.189285,0.464854,1.400015,0.242330,0.286616,0.518392,9.644518,10.146882,10.227404,2.000000,2.000000,2.000001,0.375508,0.571527,1.262733,4.300994,4.331383,4.336204,1,0
focus_01,43,1791433879496,1,anomaly,FOCUS_LOSS,0.340000,0.270000,10.000000,2.000000,0.450000,4.350000,80.000000,10.000000,0,0.547077,0.797546,0,0,0.203207,0.444083,1.121950,0.244516,0.278728,0.458456,9.621959,10.106864,10.219254,2.000000,2.000000,2.000001,0.378611,0.602005,1.272287,4.322126,4.349240,4.353574,0,0
focus_01,44,1791433889495,1,anomaly,FOCUS_LOSS,0.440000,0.280000,10.000000,2.000000,0.480000,4.350000,80.000000,12.000000,0,0.546099,0.797546,0,0,0.162325,0.341113,0.968968,0.243770,0.266883,0.426407,9.696637,10.122523,10.246120,2.000000,2.000000,2.000001,0.352406,0.476784,0.938903,4.324501,4.353345,4.358640,0,0
focus_01,45,1791433899494,0,normal,normal,0.230000,0.210000,7.000000,2.000000,0.330000,4.350000,80.000000,12.000000,0,0.541090,0.797546,0,0,0.193268,0.364988,0.986222,0.248584,0.271375,0.393773,9.776065,10.182993,10.304605,2.000000,2.000000,2.000002,0.373167,0.453964,0.848618,4.328193,4.357125,4.362078,1,0
focus_01,46,1791433909494,0,normal,normal,0.500000,0.320000,7.000000,2.000000,0.550000,4.350000,80.000000,12.000000,0,0.530998,0.797546,0,0,0.178279,0.343198,0.898667,0.232026,0.255176,0.354011,6.088212,6.824529,7.948371,2.000000,2.000000,2.000002,0.309128,0.386364,0.660852,4.333797,4.360673,4.363307,0,0
focus_01,47,1791433919495,0,normal,normal,0.200000,0.200000,7.000000,2.000000,0.400000,4.350000,80.000000,12.000000,0,0.536487,0.797546,0,0,0.169072,0.361007,0.952742,0.241765,0.263232,0.388113,6.490968,6.864075,7.840098,2.000000,2.000000,2.000003,0.362356,0.477690,0.855702,4.333595,4.359927,4.363468,1,0
focus_01,48,1791433929495,0,normal,normal,0.350000,0.260000,7.000000,2.000000,0.400000,4.350000,80.000000,12.000000,0,0.511283,0.797546,0,0,0.189874,0.399420,0.886821,0.231777,0.252208,0.316906,6.507812,6.786906,7.607377,2.000001,2.000001,2.000004,0.377981,0.434638,0.636307,4.331563,4.360836,4.364752,1,0
focus_01,49,1791433939495,0,normal,normal,0.350000,0.290000,7.000000,2.000000,0.400000,4.350000,80.000000,12.000000,0,0.510426,0.797546,0,0,0.193508,0.452063,1.036040,0.230687,0.255020,0.374647,6.753293,6.877118,7.590569,2.000000,2.000000,2.000002,0.363326,0.405450,0.616239,4.336788,4.361547,4.369365,0,0
focus_01,50,1791433949495,0,normal,normal,0.440000,0.240000,7.000000,2.000000,0.630000,4.360000,80.000000,12.000000,0,0.540833,0.797546,0,0,0.140902,0.403050,0.927017,0.246616,0.262806,0.382244,6.670747,6.905449,7.526316,2.000000,2.000000,2.000003,0.373461,0.396547,0.568730,4.330767,4.354027,4.360904,1,0
focus_01,51,1791433959494,0,normal,normal,0.200000,0.240000,7.000000,2.000000,0.380000,4.360000,80.000000,12.000000,0,0.533958,0.797546,0,0,0.228153,0.479459,0.931878,0.228418,0.251639,0.325130,6.782453,6.954377,7.492537,2.000000,2.000000,2.000003,0.355376,0.451656,0.756550,4.336895,4.362436,4.368893,1,0
focus_01,52,1791433969496,0,normal,normal,0.480000,0.280000,7.000000,2.000000,0.350000,4.360000,80.000000,12.000000,0,0.525985,0.797546,0,0,0.150044,0.395569,0.915297,0.232863,0.252866,0.342169,6.857108,6.955808,7.374543,2.000000,2.000000,2.000004,0.374825,0.417400,0.691719,4.336878,4.363691,4.374458,1,0
focus_01,53,1791433979494,0,normal,normal,0.230000,0.290000,7.000000,2.000000,0.480000,4.360000,80.000000,12.000000,0,0.524820,0.797546,0,0,0.325344,0.522548,0.894733,0.244752,0.264524,0.344824,6.923110,6.995824,7.398103,2.000000,2.000000,2.000005,0.341276,0.401237,0.615598,4.336633,4.361911,4.371494,1,0
focus_01,54,1791433989494,0,normal,normal,0.360000,0.280000,7.000000,2.000000,0.380000,4.360000,80.000000,12.000000,0,0.515478,0.797546,0,0,0.260430,0.452676,0.783872,0.243122,0.267306,0.321150,6.905239,6.969656,7.337885,2.000000,2.000000,2.000005,0.367886,0.432890,0.705280,4.336878,4.363051,4.371475,0,0
focus_01,55,1791433999495,0,normal,normal,0.340000,0.270000,7.000000,2.000000,0.480000,4.360000,80.000000,12.000000,0,0.513344,0.797546,0,0,0.283411,0.468593,0.780457,0.240900,0.262358,0.323295,6.893708,6.959171,7.305668,2.000000,2.000000,2.000005,0.359596,0.408210,0.662902,4.335855,4.361916,4.370329,0,0
focus_01,56,1791434009494,0,normal,normal,0.420000,0.240000,7.000000,2.000000,0.420000,4.360000,80.000000,12.000000,0,0.523487,0.797546,0,0,0.313796,0.481230,0.807012,0.243606,0.264815,0.318797,6.888897,6.956676,7.326647,2.000000,2.000000,2.000005,0.362411,0.428543,0.738517,4.336593,4.362345,4.371800,1,0
focus_01,57,1791434019495,1,anomaly,FOCUS_LOSS,0.210000,0.280000,7.000000,2.000000,0.500000,4.360000,80.000000,15.000000,0,0.523319,0.797546,0,0,0.286194,0.473940,0.826798,0.234086,0.257188,0.313934,6.889098,6.956111,7.351326,2.000000,2.000000,2.000005,0.362863,0.418062,0.694541,4.337588,4.365082,4.374049,1,0
focus_01,58,1791434029494,1,anomaly,FOCUS_LOSS,0.500000,0.300000,7.000000,2.000000,0.450000,4.360000,80.000000,17.000000,0,0.526299,0.797546,0,0,0.294916,0.495517,0.815232,0.241015,0.264581,0.318484,6.887842,6.949411,7.343615,2.000000,2.000000,2.000005,0.354749,0.441590,0.726653,4.341977,4.366559,4.374058,0,0
focus_01,59,1791434039496,1,anomaly,FOCUS_LOSS,0.210000,0.270000,7.000000,2.000000,0.400000,4.360000,80.000000,20.000000,0,0.522411,0.797546,0,0,0.343642,0.531372,0.828218,0.245462,0.270194,0.327556,6.887023,6.966379,7.364353,2.000000,2.000000,2.000005,0.362852,0.431758,0.693316,4.340275,4.365184,4.374713,1,0
focus_01,60,1791434049495,1,anomaly,FOCUS_LOSS,0.340000,0.210000,7.000000,2.000000,0.500000,4.360000,80.000000,22.000000,0,0.528944,0.797546,0,0,0.287984,0.452522,0.726356,0.246325,0.264605,0.310864,6.884408,6.959905,7.332899,2.000000,2.000000,2.000005,0.359813,0.418400,0.681051,4.338743,4.365578,4.375434,1,0
focus_01,61,1791434059495,1,anomaly,FOCUS_LOSS,0.350000,0.350000,7.000000,2.000000,0.600000,4.370000,80.000000,25.000000,0,0.544964,0.797546,0,0,0.271792,0.431079,0.677645,0.228895,0.249945,0.302463,6.905368,6.954103,7.379760,2.000000,2.000000,2.000005,0.358962,0.456939,0.679649,4.340757,4.367173,4.376969,2,0
focus_01,62,1791434069495,1,anomaly,FOCUS_LOSS,0.440000,0.290000,7.000000,2.000000,0.450000,4.370000,80.000000,27.000000,0,0.517703,0.797546,0,0,0.288316,0.436598,0.689145,0.235620,0.269460,0.397297,6.871898,6.936780,7.248878,2.000000,2.000000,2.000005,0.367978,0.532622,0.881319,4.350193,4.377089,4.389157,0,0
focus_01,63,1791434079497,1,anomaly,FOCUS_LOSS,0.190000,0.190000,7.000000,2.000000,0.500000,4.370000,80.000000,30.000000,0,0.549982,0.797546,0,0,0.239854,0.392825,0.709807,0.241501,0.261734,0.324415,6.949270,6.954110,7.322063,2.000000,2.000000,2.000005,0.359741,0.452636,0.729272,4.348982,4.374152,4.387075,1,0
focus_01,64,1791434089494,1,anomaly,FOCUS_LOSS,0.500000,0.360000,7.000000,2.000000,0.600000,4.370000,80.000000,32.000000,0,0.554858,0.797546,0,0,0.212210,0.371381,0.704530,0.224356,0.246988,0.312556,6.946867,6.951880,7.413339,2.000000,2.000000,2.000005,0.374804,0.476616,0.809589,4.349525,4.373848,4.385241,2,0
focus_01,65,1791434099494,1,anomaly,FOCUS_LOSS,0.200000,0.200000,7.000000,2.000000,0.350000,4.370000,80.000000,35.000000,0,0.552060,0.797546,0,0,0.244206,0.451501,0.842550,0.227524,0.283107,0.489704,6.947764,6.960415,7.449121,2.000000,2.000000,2.000005,0.419988,0.606362,1.065341,4.355939,4.375755,4.386295,3,1
focus_01,66,1791434109494,0,normal,normal,0.360000,0.280000,7.000000,2.000000,0.400000,4.370000,80.000000,35.000000,0,0.517987,0.797546,0,0,0.106577,0.347875,0.774178,0.230467,0.254254,0.322697,6.892644,6.955227,7.372889,2.000000,2.000000,2.000005,0.334378,0.452696,0.746668,4.351270,4.372705,4.383357,0,0
focus_01,67,1791434119495,0,normal,normal,0.350000,0.280000,7.000000,2.000000,0.350000,4.370000,80.000000,35.000000,0,0.524632,0.797546,0,0,0.099043,0.346481,0.725199,0.225262,0.252745,0.327174,6.897029,6.927919,7.312917,2.000000,2.000000,2.000005,0.339173,0.433632,0.636673,4.346055,4.366942,4.377923,0,0
focus_01,68,1791434129495,0,normal,normal,0.440000,0.300000,7.000000,2.000000,0.480000,4.370000,80.000000,35.000000,0,0.523060,0.797546,0,0,0.261909,0.450717,0.834381,0.236943,0.260356,0.330353,6.923057,6.931259,7.260668,2.000000,2.000000,2.000005,0.342151,0.413810,0.583286,4.350049,4.369498,4.378737,0,0
focus_01,69,1791434139495,0,normal,normal,0.190000,0.200000,7.000000,2.000000,0.330000,4.370000,80.000000,35.000000,0,0.554125,0.797546,0,0,0.358535,0.510546,0.806269,0.244233,0.268467,0.335816,6.939291,6.962467,7.266448,2.000000,2.000000,2.000005,0.329372,0.429839,0.629702,4.352708,4.369345,4.377858,1,0
focus_01,70,1791434149496,0,normal,normal,0.500000,0.350000,7.000000,2.000000,0.600000,4.380000,80.000000,35.000000,0,0.556151,0.797546,0,0,0.275735,0.435278,0.726261,0.218875,0.249782,0.318843,6.950063,6.975495,7.259480,2.000000,2.000000,2.000005,0.323584,0.388823,0.531669,4.354149,4.370006,4.377390,2,0
focus_01,71,1791434159495,0,normal,normal,0.210000,0.220000,7.000000,2.000000,0.450000,4.380000,80.000000,35.000000,0,0.533957,0.797546,0,0,0.327921,0.488517,0.808530,0.239956,0.270253,0.348938,6.961618,6.994339,7.253951,2.000000,2.000000,2.000005,0.327736,0.434662,0.643660,4.364426,4.379663,4.387327,3,1
focus_01,72,1791434169495,0,normal,normal,0.340000,0.200000,7.000000,2.000000,0.400000,4.380000,80.000000,35.000000,0,0.536177,0.797546,0,0,0.336620,0.499505,0.827828,0.238514,0.261044,0.319301,6.976912,7.013731,7.240186,2.000000,2.000000,2.000005,0.335587,0.429581,0.613216,4.367089,4.381648,4.388566,4,1
focus_01,73,1791434179496,0,normal,normal,0.350000,0.350000,7.000000,2.000000,0.400000,4.380000,80.000000,35.000000,0,0.541335,0.797546,0,0,0.318387,0.495817,0.852295,0.223013,0.251646,0.324353,6.966668,6.990516,7.216899,2.000000,2.000000,2.000005,0.337226,0.421298,0.599451,4.367375,4.380347,4.385522,5,1
focus_01,74,1791434189497,0,normal,normal,0.440000,0.310000,7.000000,2.000000,0.450000,4.390000,80.000000,35.000000,0,0.525629,0.797546,0,0,0.303039,0.487613,0.832219,0.231803,0.269026,0.361960,6.964159,7.009700,7.215559,2.000000,2.000000,2.000005,0.341002,0.425407,0.602246,4.370590,4.381363,4.385606,1,0
focus_01,75,1791434199501,0,normal,normal,0.190000,0.190000,7.000000,2.000000,0.350000,4.390000,80.000000,35.000000,0,0.559501,0.797546,0,0,0.257439,0.450740,0.780099,0.234947,0.265087,0.342359,6.965422,7.024032,7.213239,2.000000,2.000000,2.000005,0.353111,0.430758,0.609045,4.378954,4.389346,4.395809,1,0
focus_01,76,1791434209498,0,normal,normal,0.500000,0.300000,7.000000,2.000000,0.330000,4.390000,80.000000,35.000000,0,0.541868,0.797546,0,0,0.200733,0.409729,0.762612,0.224444,0.251672,0.327203,6.913079,7.015645,7.168836,2.000000,2.000000,2.000005,0.341264,0.409918,0.571444,4.383457,4.392101,4.399095,2,0
focus_01,77,1791434219504,0,normal,normal,0.210000,0.280000,7.000000,2.000000,0.430000,4.400000,80.000000,35.000000,0,0.526192,0.797546,0,0,0.236167,0.485424,0.886072,0.227995,0.264381,0.406059,6.829863,6.951810,7.219988,2.000000,2.000000,2.000005,0.322530,0.390448,0.539966,4.382823,4.392747,4.397645,1,0
