timestamp,experimentId,traces,trainSamples,window,chronosMinPoints,ifMargin,ifConsecutive,chronosConsecutive,mode,precision,recall,f1,fpr,tp,fp,fn,tn,falseAlarmEpisodes,fpNormal,normalSamples,fpBenign,benignSamples,windowsDetected,windowsTotal,avgDelaySamples,timeMs,skipped
2026-10-08T06:17:26.853780517Z,E00-validation-default,normal_04|cpu_02|network_02|memory_02|process_02,30,60,12,0.05,3,3,NONE,0.0000,0.0000,0.0000,0.0000,0,0,72,162,0,0,162,0,0,0,8,,0,
2026-10-08T06:17:26.856627291Z,E00-validation-default,normal_04|cpu_02|network_02|memory_02|process_02,30,60,12,0.05,3,3,IF,0.0000,0.0000,0.0000,0.0000,0,0,72,162,0,0,162,0,0,0,8,,49,
2026-10-08T06:17:26.856752213Z,E00-validation-default,normal_04|cpu_02|network_02|memory_02|process_02,30,60,12,0.05,3,3,CHRONOS,0.6667,0.0833,0.1481,0.0185,6,3,66,159,2,3,162,0,0,3,8,1.00,3542,
2026-10-08T06:17:26.856871964Z,E00-validation-default,normal_04|cpu_02|network_02|memory_02|process_02,30,60,12,0.05,3,3,BOTH_OR,0.6667,0.0833,0.1481,0.0185,6,3,66,159,2,3,162,0,0,3,8,1.00,3591,
2026-10-08T06:17:26.857461711Z,E00-validation-default,normal_04|cpu_02|network_02|memory_02|process_02,30,60,12,0.05,3,3,BOTH_AND,0.0000,0.0000,0.0000,0.0000,0,0,72,162,0,0,162,0,0,0,8,,3591,
2026-10-08T06:19:03.378680010Z,E01-val-window30,normal_04|cpu_02|network_02|memory_02|process_02,30,30,12,0.05,3,3,NONE,0.0000,0.0000,0.0000,0.0000,0,0,72,162,0,0,162,0,0,0,8,,0,
2026-10-08T06:19:03.381172593Z,E01-val-window30,normal_04|cpu_02|network_02|memory_02|process_02,30,30,12,0.05,3,3,IF,0.0000,0.0000,0.0000,0.0000,0,0,72,162,0,0,162,0,0,0,8,,32,
2026-10-08T06:19:03.381239962Z,E01-val-window30,normal_04|cpu_02|network_02|memory_02|process_02,30,30,12,0.05,3,3,CHRONOS,0.5000,0.1250,0.2000,0.0556,9,9,63,153,4,9,162,0,0,4,8,0.75,3142,
2026-10-08T06:19:03.381344837Z,E01-val-window30,normal_04|cpu_02|network_02|memory_02|process_02,30,30,12,0.05,3,3,BOTH_OR,0.5000,0.1250,0.2000,0.0556,9,9,63,153,4,9,162,0,0,4,8,0.75,3174,
2026-10-08T06:19:03.381401375Z,E01-val-window30,normal_04|cpu_02|network_02|memory_02|process_02,30,30,12,0.05,3,3,BOTH_AND,0.0000,0.0000,0.0000,0.0000,0,0,72,162,0,0,162,0,0,0,8,,3174,
2026-10-08T06:19:07.312757435Z,E02-val-window20,normal_04|cpu_02|network_02|memory_02|process_02,30,20,12,0.05,3,3,NONE,0.0000,0.0000,0.0000,0.0000,0,0,72,162,0,0,162,0,0,0,8,,0,
2026-10-08T06:19:07.318079486Z,E02-val-window20,normal_04|cpu_02|network_02|memory_02|process_02,30,20,12,0.05,3,3,IF,0.0000,0.0000,0.0000,0.0000,0,0,72,162,0,0,162,0,0,0,8,,37,
2026-10-08T06:19:07.318156797Z,E02-val-window20,normal_04|cpu_02|network_02|memory_02|process_02,30,20,12,0.05,3,3,CHRONOS,0.4286,0.0417,0.0759,0.0247,3,4,69,158,3,4,162,0,0,1,8,0.00,3102,
2026-10-08T06:19:07.318227486Z,E02-val-window20,normal_04|cpu_02|network_02|memory_02|process_02,30,20,12,0.05,3,3,BOTH_OR,0.4286,0.0417,0.0759,0.0247,3,4,69,158,3,4,162,0,0,1,8,0.00,3139,
2026-10-08T06:19:07.318322921Z,E02-val-window20,normal_04|cpu_02|network_02|memory_02|process_02,30,20,12,0.05,3,3,BOTH_AND,0.0000,0.0000,0.0000,0.0000,0,0,72,162,0,0,162,0,0,0,8,,3139,
2026-10-08T06:19:11.285742033Z,E03-val-train20,normal_04|cpu_02|network_02|memory_02|process_02,20,60,12,0.05,3,3,NONE,0.0000,0.0000,0.0000,0.0000,0,0,72,212,0,0,212,0,0,0,8,,0,
2026-10-08T06:19:11.288347738Z,E03-val-train20,normal_04|cpu_02|network_02|memory_02|process_02,20,60,12,0.05,3,3,IF,0.0000,0.0000,0.0000,0.0000,0,0,72,212,0,0,212,0,0,0,8,,34,
2026-10-08T06:19:11.288429327Z,E03-val-train20,normal_04|cpu_02|network_02|memory_02|process_02,20,60,12,0.05,3,3,CHRONOS,0.4615,0.0833,0.1412,0.0330,6,7,66,205,5,7,212,0,0,3,8,1.00,3141,
2026-10-08T06:19:11.288500806Z,E03-val-train20,normal_04|cpu_02|network_02|memory_02|process_02,20,60,12,0.05,3,3,BOTH_OR,0.4615,0.0833,0.1412,0.0330,6,7,66,205,5,7,212,0,0,3,8,1.00,3175,
2026-10-08T06:19:11.288552259Z,E03-val-train20,normal_04|cpu_02|network_02|memory_02|process_02,20,60,12,0.05,3,3,BOTH_AND,0.0000,0.0000,0.0000,0.0000,0,0,72,212,0,0,212,0,0,0,8,,3175,
2026-10-08T06:19:15.444382361Z,E04-val-train45,normal_04|cpu_02|network_02|memory_02|process_02,45,60,12,0.05,3,3,NONE,0.0000,0.0000,0.0000,0.0000,0,0,36,123,0,0,123,0,0,0,4,,0,
2026-10-08T06:19:15.450541402Z,E04-val-train45,normal_04|cpu_02|network_02|memory_02|process_02,45,60,12,0.05,3,3,IF,0.0000,0.0000,0.0000,0.0000,0,0,36,123,0,0,123,0,0,0,4,,39,
2026-10-08T06:19:15.450666037Z,E04-val-train45,normal_04|cpu_02|network_02|memory_02|process_02,45,60,12,0.05,3,3,CHRONOS,0.4000,0.0556,0.0976,0.0244,2,3,34,120,2,3,123,0,0,2,4,1.00,3325,
2026-10-08T06:19:15.450817525Z,E04-val-train45,normal_04|cpu_02|network_02|memory_02|process_02,45,60,12,0.05,3,3,BOTH_OR,0.4000,0.0556,0.0976,0.0244,2,3,34,120,2,3,123,0,0,2,4,1.00,3364,
2026-10-08T06:19:15.450873756Z,E04-val-train45,normal_04|cpu_02|network_02|memory_02|process_02,45,60,12,0.05,3,3,BOTH_AND,0.0000,0.0000,0.0000,0.0000,0,0,36,123,0,0,123,0,0,0,4,,3364,
2026-10-08T06:20:36.763694559Z,E10-test-default,normal_01|normal_02|normal_03|cpu_01|network_01|memory_01|process_01|mixed_01|application_01,30,60,12,0.05,3,3,NONE,0.0000,0.0000,0.0000,0.0000,0,0,90,324,0,0,306,0,18,0,10,,0,
2026-10-08T06:20:36.766140027Z,E10-test-default,normal_01|normal_02|normal_03|cpu_01|network_01|memory_01|process_01|mixed_01|application_01,30,60,12,0.05,3,3,IF,1.0000,0.0889,0.1633,0.0000,8,0,82,324,0,0,306,0,18,2,10,3.50,42,
2026-10-08T06:20:36.766228869Z,E10-test-default,normal_01|normal_02|normal_03|cpu_01|network_01|memory_01|process_01|mixed_01|application_01,30,60,12,0.05,3,3,CHRONOS,0.3721,0.1778,0.2406,0.0833,16,27,74,297,16,26,306,1,18,7,10,2.29,3585,
2026-10-08T06:20:36.766304479Z,E10-test-default,normal_01|normal_02|normal_03|cpu_01|network_01|memory_01|process_01|mixed_01|application_01,30,60,12,0.05,3,3,BOTH_OR,0.4490,0.2444,0.3165,0.0833,22,27,68,297,16,26,306,1,18,7,10,2.29,3627,
2026-10-08T06:20:36.766346345Z,E10-test-default,normal_01|normal_02|normal_03|cpu_01|network_01|memory_01|process_01|mixed_01|application_01,30,60,12,0.05,3,3,BOTH_AND,1.0000,0.0222,0.0435,0.0000,2,0,88,324,0,0,306,0,18,2,10,3.50,3627,
2026-10-08T06:20:39.435772212Z,E11-focus-default,focus_01,30,60,12,0.05,3,3,NONE,0.0000,0.0000,0.0000,0.0000,0,0,18,30,0,0,30,0,0,0,2,,0,
2026-10-08T06:20:39.438419408Z,E11-focus-default,focus_01,30,60,12,0.05,3,3,IF,0.0000,0.0000,0.0000,0.0000,0,0,18,30,0,0,30,0,0,0,2,,33,
2026-10-08T06:20:39.438532295Z,E11-focus-default,focus_01,30,60,12,0.05,3,3,CHRONOS,0.2000,0.0556,0.0870,0.1333,1,4,17,26,2,4,30,0,0,1,2,8.00,1897,
2026-10-08T06:20:39.438629858Z,E11-focus-default,focus_01,30,60,12,0.05,3,3,BOTH_OR,0.2000,0.0556,0.0870,0.1333,1,4,17,26,2,4,30,0,0,1,2,8.00,1930,
2026-10-08T06:20:39.438718251Z,E11-focus-default,focus_01,30,60,12,0.05,3,3,BOTH_AND,0.0000,0.0000,0.0000,0.0000,0,0,18,30,0,0,30,0,0,0,2,,1930,
